-- MySQL dump 10.13  Distrib 8.0.43, for Win64 (x86_64)
--
-- Host: 127.0.0.1    Database: logistics_db
-- ------------------------------------------------------
-- Server version	5.5.5-10.4.32-MariaDB

/*!40101 SET @OLD_CHARACTER_SET_CLIENT=@@CHARACTER_SET_CLIENT */;
/*!40101 SET @OLD_CHARACTER_SET_RESULTS=@@CHARACTER_SET_RESULTS */;
/*!40101 SET @OLD_COLLATION_CONNECTION=@@COLLATION_CONNECTION */;
/*!50503 SET NAMES utf8mb4 */;
/*!40103 SET @OLD_TIME_ZONE=@@TIME_ZONE */;
/*!40103 SET TIME_ZONE='+00:00' */;
/*!40014 SET @OLD_UNIQUE_CHECKS=@@UNIQUE_CHECKS, UNIQUE_CHECKS=0 */;
/*!40014 SET @OLD_FOREIGN_KEY_CHECKS=@@FOREIGN_KEY_CHECKS, FOREIGN_KEY_CHECKS=0 */;
/*!40101 SET @OLD_SQL_MODE=@@SQL_MODE, SQL_MODE='NO_AUTO_VALUE_ON_ZERO' */;
/*!40111 SET @OLD_SQL_NOTES=@@SQL_NOTES, SQL_NOTES=0 */;

--
-- Table structure for table `ai_interactions`
--

DROP TABLE IF EXISTS `ai_interactions`;
/*!40101 SET @saved_cs_client     = @@character_set_client */;
/*!50503 SET character_set_client = utf8mb4 */;
CREATE TABLE `ai_interactions` (
  `id` varchar(36) NOT NULL DEFAULT uuid(),
  `message_id` varchar(36) DEFAULT NULL,
  `trip_id` varchar(36) DEFAULT NULL,
  `driver_message` text NOT NULL,
  `ai_classification` varchar(100) DEFAULT NULL,
  `ai_confidence` decimal(5,4) DEFAULT NULL,
  `ai_response` text DEFAULT NULL,
  `model_used` varchar(100) DEFAULT NULL,
  `prompt_used` text DEFAULT NULL,
  `metadata` longtext CHARACTER SET utf8mb4 COLLATE utf8mb4_bin DEFAULT NULL CHECK (json_valid(`metadata`)),
  `created_at` timestamp NOT NULL DEFAULT current_timestamp(),
  PRIMARY KEY (`id`),
  KEY `idx_message` (`message_id`),
  KEY `idx_trip` (`trip_id`),
  KEY `idx_classification` (`ai_classification`),
  KEY `idx_created_at` (`created_at`),
  CONSTRAINT `ai_interactions_ibfk_1` FOREIGN KEY (`message_id`) REFERENCES `messages` (`id`) ON DELETE SET NULL,
  CONSTRAINT `ai_interactions_ibfk_2` FOREIGN KEY (`trip_id`) REFERENCES `trips` (`id`) ON DELETE SET NULL
) ENGINE=InnoDB DEFAULT CHARSET=utf8mb4 COLLATE=utf8mb4_unicode_ci;
/*!40101 SET character_set_client = @saved_cs_client */;

--
-- Dumping data for table `ai_interactions`
--

/*!40000 ALTER TABLE `ai_interactions` DISABLE KEYS */;
INSERT INTO `ai_interactions` VALUES ('0282afed-a62c-4db5-9d85-475b535ae360','8f27172e-0afc-4bf8-adb8-f20968de71f6','46158006-b9a2-11f0-888e-f4b5205b5b70','Empezando a descargar','unloading_started',0.9800,'Entendido, gracias por avisar que ha comenzado la descarga. Manténganos informados si hay alguna novedad.','gemini','','{\"entities\": {}, \"response_metadata\": {\"intent\": \"unloading_started\", \"confidence\": 0.98, \"entities\": {}, \"response\": \"Entendido, gracias por avisar que ha comenzado la descarga. Mant\\u00e9nganos informados si hay alguna novedad.\", \"action\": \"update_substatus\", \"new_substatus\": \"descargando\"}}','2025-11-04 17:20:36'),('0fabcdfb-32a5-4300-85ae-1ce9bbede0c5','2623ad41-9b58-4080-9c12-d801a92fc794','643a2693-b9a8-11f0-888e-f4b5205b5b70','Ya empezamos a cargar compita','loading_started',0.9800,'¡Perfecto! Me alegra saber que ya iniciaron la carga. Estaré atento a cualquier novedad.','gemini','','{\"entities\": {}, \"response_metadata\": {\"intent\": \"loading_started\", \"confidence\": 0.98, \"entities\": {}, \"response\": \"\\u00a1Perfecto! Me alegra saber que ya iniciaron la carga. Estar\\u00e9 atento a cualquier novedad.\", \"action\": \"update_substatus\", \"new_substatus\": \"cargando\"}}','2025-11-04 18:03:41'),('14a3a918-0e12-459f-9cb9-86cd50e12aa1','8d4c534d-b398-4e0a-9bd2-7224a53be12e','46158006-b9a2-11f0-888e-f4b5205b5b70','Esperando en el anden','waiting_turn',0.9800,'Entendido, gracias por el aviso. ¿Podrías confirmar si estás esperando turno para cargar o si ya estás en el muelle de carga?','gemini','','{\"entities\": {}, \"response_metadata\": {\"intent\": \"waiting_turn\", \"confidence\": 0.98, \"entities\": {}, \"response\": \"Entendido, gracias por el aviso. \\u00bfPodr\\u00edas confirmar si est\\u00e1s esperando turno para cargar o si ya est\\u00e1s en el muelle de carga?\", \"action\": \"update_substatus\", \"new_substatus\": \"esperando_turno_carga\"}}','2025-11-04 17:19:24'),('204ad27b-ffb6-47b9-8489-403cb886b318','1aacb940-ed58-490f-9ddb-18c02b87124b','79701666-b9ab-11f0-888e-f4b5205b5b70','Ya empece a descargar','unloading_started',0.9800,'¡Entendido! Gracias por avisar que ya has comenzado a descargar. Por favor, avísame cuando finalices.','gemini','','{\"entities\": {}, \"response_metadata\": {\"intent\": \"unloading_started\", \"confidence\": 0.98, \"entities\": {}, \"response\": \"\\u00a1Entendido! Gracias por avisar que ya has comenzado a descargar. Por favor, av\\u00edsame cuando finalices.\", \"action\": \"update_substatus\", \"new_substatus\": \"descargando\"}}','2025-11-04 18:25:57'),('23471cd8-907e-42b3-87b7-e04525ed4cbf','05253a5b-eb84-41eb-af0d-9db7fd982b05','79701666-b9ab-11f0-888e-f4b5205b5b70','Ya termine de cargar','loading_complete',0.9800,'¡Excelente noticia! Entendido, la carga ha finalizado. ¿Cuál es el siguiente paso?','gemini','','{\"entities\": {}, \"response_metadata\": {\"intent\": \"loading_complete\", \"confidence\": 0.98, \"entities\": {}, \"response\": \"\\u00a1Excelente noticia! Entendido, la carga ha finalizado. \\u00bfCu\\u00e1l es el siguiente paso?\", \"action\": \"update_substatus\", \"new_substatus\": \"ready_to_depart\"}}','2025-11-04 18:26:34'),('27aeb77b-5135-4382-a590-8d528f3ea233','80cde660-9238-4d04-999b-0a4aaf0e15a7','46158006-b9a2-11f0-888e-f4b5205b5b70','Ya empece a cargar','loading_started',0.9800,'¡Excelente! Gracias por avisar que ya iniciaste la carga. Seguiremos monitoreando.','gemini','','{\"entities\": {}, \"response_metadata\": {\"intent\": \"loading_started\", \"confidence\": 0.98, \"entities\": {}, \"response\": \"\\u00a1Excelente! Gracias por avisar que ya iniciaste la carga. Seguiremos monitoreando.\", \"action\": \"update_substatus\", \"new_substatus\": \"en_carga\"}}','2025-11-04 17:19:39'),('34b4a924-a11d-48a9-be2c-abcad3df2566','671c09ad-f603-477a-ae7f-05c7426e902b','d8202a13-b9a9-11f0-888e-f4b5205b5b70','Ya ternine ya me voy','unloading_complete',0.9800,'¡Entendido! Parece que has finalizado la descarga. ¿Cuál es tu siguiente destino o instrucción?','gemini','','{\"entities\": {}, \"response_metadata\": {\"intent\": \"unloading_complete\", \"confidence\": 0.98, \"entities\": {}, \"response\": \"\\u00a1Entendido! Parece que has finalizado la descarga. \\u00bfCu\\u00e1l es tu siguiente destino o instrucci\\u00f3n?\", \"action\": \"update_substatus\", \"new_substatus\": \"viaje_siguiente_asignado\"}}','2025-11-04 18:14:46'),('4470908f-1097-40cf-b1f1-ebf251e4ac4d','1dfd22db-a568-4453-9f4e-3bd7a2ff13a8','79701666-b9ab-11f0-888e-f4b5205b5b70','Estoy en espera de anden','waiting_turn',0.9800,'Entendido, confirmamos que estás en espera de anden. Te mantendremos informado sobre el siguiente paso.','gemini','','{\"entities\": {}, \"response_metadata\": {\"intent\": \"waiting_turn\", \"confidence\": 0.98, \"entities\": {}, \"response\": \"Entendido, confirmamos que est\\u00e1s en espera de anden. Te mantendremos informado sobre el siguiente paso.\", \"action\": \"update_substatus\", \"new_substatus\": \"waiting_for_dock\"}}','2025-11-04 18:25:05'),('4a78100c-9e8d-4f4f-ba5a-69e5ce7c6c0f','7fb08e50-6588-46b0-8222-e5bfd8612cde','d8202a13-b9a9-11f0-888e-f4b5205b5b70','Ya termine la carga','loading_complete',0.9800,'¡Excelente noticia! Gracias por informarnos que la carga ha finalizado. Por favor, procede a tu siguiente destino.','gemini','','{\"entities\": {}, \"response_metadata\": {\"intent\": \"loading_complete\", \"confidence\": 0.98, \"entities\": {}, \"response\": \"\\u00a1Excelente noticia! Gracias por informarnos que la carga ha finalizado. Por favor, procede a tu siguiente destino.\", \"action\": \"update_substatus\", \"new_substatus\": \"en_ruta_siguiente_destino\"}}','2025-11-04 18:14:00'),('53c1424c-ed96-466c-bec2-e3603d1c42d9','24874e9b-781b-4abe-9359-6ecaf38613a5','643a2693-b9a8-11f0-888e-f4b5205b5b70','Listo ya quedo la carga','loading_complete',0.9800,'¡Excelente noticia! Me alegra saber que la carga ha finalizado. Por favor, procede a tu siguiente destino.','gemini','','{\"entities\": {}, \"response_metadata\": {\"intent\": \"loading_complete\", \"confidence\": 0.98, \"entities\": {}, \"response\": \"\\u00a1Excelente noticia! Me alegra saber que la carga ha finalizado. Por favor, procede a tu siguiente destino.\", \"action\": \"update_substatus\", \"new_substatus\": \"en_ruta_descarga\"}}','2025-11-04 18:03:59'),('5c7c8407-63ef-4b0d-8e51-1e7f2d11ad04','0c67c5ef-dcd0-4b60-bb09-664e4fcdffa4','46158006-b9a2-11f0-888e-f4b5205b5b70','No apenas voy alla','route_update',0.8500,'Entendido. ¿Podrías especificar a qué lugar te refieres exactamente o si hay algún cambio en tu ruta actual?','gemini','','{\"entities\": {}, \"response_metadata\": {\"intent\": \"route_update\", \"confidence\": 0.85, \"entities\": {}, \"response\": \"Entendido. \\u00bfPodr\\u00edas especificar a qu\\u00e9 lugar te refieres exactamente o si hay alg\\u00fan cambio en tu ruta actual?\", \"action\": \"update_substatus\", \"new_substatus\": \"rumbo_a_descarga\"}}','2025-11-04 17:21:28'),('651702f6-da42-416f-9a9b-a9758d2a9e9a','1b64e64e-1b8e-4c13-b2cf-a38ad21e34b2','d8202a13-b9a9-11f0-888e-f4b5205b5b70','Ya comence con la carga','loading_started',0.9800,'¡Entendido! Gracias por la actualización. Que la carga proceda sin problemas.','gemini','','{\"entities\": {}, \"response_metadata\": {\"intent\": \"loading_started\", \"confidence\": 0.98, \"entities\": {}, \"response\": \"\\u00a1Entendido! Gracias por la actualizaci\\u00f3n. Que la carga proceda sin problemas.\", \"action\": \"update_substatus\", \"new_substatus\": \"cargando\"}}','2025-11-04 18:13:49'),('6849434e-0cab-4e0d-87e8-d620e4211f85','b462988a-ead6-4604-8032-76d5b11f778a','643a2693-b9a8-11f0-888e-f4b5205b5b70','Ire a patio a esperae indicaciones','waiting_turn',0.9000,'Entendido. Dirígete al patio y espera ahí por las siguientes instrucciones. Te avisaremos tan pronto tengamos novedades.','gemini','','{\"entities\": {}, \"response_metadata\": {\"intent\": \"waiting_turn\", \"confidence\": 0.9, \"entities\": {}, \"response\": \"Entendido. Dir\\u00edgete al patio y espera ah\\u00ed por las siguientes instrucciones. Te avisaremos tan pronto tengamos novedades.\", \"action\": \"update_substatus\", \"new_substatus\": \"waiting_yard_instructions\"}}','2025-11-04 18:05:46'),('79d17240-0263-40d3-a31d-7baa2e480374','da6bb9b0-8f3b-497d-a7f8-7aed1c9cd7da','46158006-b9a2-11f0-888e-f4b5205b5b70','Ya termine de descargar me voy','unloading_complete',0.9800,'¡Excelente! Entendido, has finalizado la descarga. ¿Cuál es tu siguiente destino o instrucción?','gemini','','{\"entities\": {}, \"response_metadata\": {\"intent\": \"unloading_complete\", \"confidence\": 0.98, \"entities\": {}, \"response\": \"\\u00a1Excelente! Entendido, has finalizado la descarga. \\u00bfCu\\u00e1l es tu siguiente destino o instrucci\\u00f3n?\", \"action\": \"update_substatus\", \"new_substatus\": \"rumbo_a_siguiente_destino\"}}','2025-11-04 17:20:49'),('9903ea5f-aef0-412e-bbb3-26a3022be621','33985fb4-f4d2-4af5-bd4c-241086a8a2bb','d8202a13-b9a9-11f0-888e-f4b5205b5b70','Edtiy esperando','waiting_turn',0.9000,'Entendido. Si estás esperando turno para descargar, por favor confirma cuando puedas iniciar la descarga o cuando termines. ¿Necesitas asistencia mientras esperas?','gemini','','{\"entities\": {}, \"response_metadata\": {\"intent\": \"waiting_turn\", \"confidence\": 0.9, \"entities\": {}, \"response\": \"Entendido. Si est\\u00e1s esperando turno para descargar, por favor confirma cuando puedas iniciar la descarga o cuando termines. \\u00bfNecesitas asistencia mientras esperas?\", \"action\": \"update_substatus\", \"new_substatus\": \"waiting_for_unloading_slot\"}}','2025-11-04 18:15:22'),('a0bf77f8-2c43-46b1-8382-f859dcf7c03f','13f9f240-389b-4816-9836-084b7022e792','d8202a13-b9a9-11f0-888e-f4b5205b5b70','Si la carga','other',0.8500,'Entendido. ¿Podrías completar tu mensaje? Parece que se cortó. ¿Qué pasa con la carga?','gemini','','{\"entities\": {}, \"response_metadata\": {\"intent\": \"other\", \"confidence\": 0.85, \"entities\": {}, \"response\": \"Entendido. \\u00bfPodr\\u00edas completar tu mensaje? Parece que se cort\\u00f3. \\u00bfQu\\u00e9 pasa con la carga?\", \"action\": \"no_action\", \"new_substatus\": null}}','2025-11-04 18:13:36'),('a6359146-2b31-477c-8468-24f54dcf70a4','49fb4efd-8f08-494b-b99b-241cf109caac','643a2693-b9a8-11f0-888e-f4b5205b5b70','Justo apenas estoy en anden','waiting_turn',0.9000,'Entendido, gracias por avisar que ya te encuentras en el andén. Por favor, confirma cuando inicies la carga.','gemini','','{\"entities\": {}, \"response_metadata\": {\"intent\": \"waiting_turn\", \"confidence\": 0.9, \"entities\": {}, \"response\": \"Entendido, gracias por avisar que ya te encuentras en el and\\u00e9n. Por favor, confirma cuando inicies la carga.\", \"action\": \"update_substatus\", \"new_substatus\": \"esperando_turno_carga\"}}','2025-11-04 18:03:23'),('b2d2d78c-1141-41ab-983b-b9c6fdafa93a','420c596b-47cd-4de1-9b02-148f7bd0c548','491c3649-b9b1-11f0-888e-f4b5205b5b70','[Error al transcribir audio]','other',1.0000,'Hola, no pude entender el mensaje debido a un error en la transcripción. ¿Podrías confirmarme si ya estás en la zona de carga o si necesitas algo?','gemini','','{\"entities\": {}, \"response_metadata\": {\"intent\": \"other\", \"confidence\": 1.0, \"entities\": {}, \"response\": \"Hola, no pude entender el mensaje debido a un error en la transcripci\\u00f3n. \\u00bfPodr\\u00edas confirmarme si ya est\\u00e1s en la zona de carga o si necesitas algo?\", \"action\": \"no_action\", \"new_substatus\": null}}','2025-11-04 19:07:42'),('b78ba696-96a2-4662-a89d-02c5731d5f7f','651c69f2-9a07-4d5f-ac04-ebb6f76387b2','643a2693-b9a8-11f0-888e-f4b5205b5b70','Ya empece a descargar','unloading_started',0.9800,'¡Excelente! Gracias por avisar que has comenzado la descarga. Por favor, mantennos informados si hay algún cambio.','gemini','','{\"entities\": {}, \"response_metadata\": {\"intent\": \"unloading_started\", \"confidence\": 0.98, \"entities\": {}, \"response\": \"\\u00a1Excelente! Gracias por avisar que has comenzado la descarga. Por favor, mantennos informados si hay alg\\u00fan cambio.\", \"action\": \"update_substatus\", \"new_substatus\": \"descargando\"}}','2025-11-04 18:05:19'),('bb95ed7e-a756-447b-b9c9-12241fe91b2e','6ab35bde-6f6a-485d-91d0-4ca3651135af','d8202a13-b9a9-11f0-888e-f4b5205b5b70','A patio a guardar la unidad','other',0.9000,'Entendido. ¿Te diriges al área de estacionamiento después de terminar tus actividades en la zona de carga/descarga?','gemini','','{\"entities\": {}, \"response_metadata\": {\"intent\": \"other\", \"confidence\": 0.9, \"entities\": {}, \"response\": \"Entendido. \\u00bfTe diriges al \\u00e1rea de estacionamiento despu\\u00e9s de terminar tus actividades en la zona de carga/descarga?\", \"action\": \"update_substatus\", \"new_substatus\": \"parking\"}}','2025-11-04 18:15:00'),('c94dbc03-2e41-49cc-b6f5-8169ca9eaec6','1af1351e-8767-4f83-a9e9-bd03bf6b1c2c','d8202a13-b9a9-11f0-888e-f4b5205b5b70','Si','other',0.8500,'Gracias por tu confirmación. Dado que estás en zona de descarga y ya tienes el viaje siguiente asignado, ¿podrías confirmar si necesitas realizar alguna acción o si simplemente estás esperando instrucciones adicionales?','gemini','','{\"entities\": {}, \"response_metadata\": {\"intent\": \"other\", \"confidence\": 0.85, \"entities\": {}, \"response\": \"Gracias por tu confirmaci\\u00f3n. Dado que est\\u00e1s en zona de descarga y ya tienes el viaje siguiente asignado, \\u00bfpodr\\u00edas confirmar si necesitas realizar alguna acci\\u00f3n o si simplemente est\\u00e1s esperando instrucciones adicionales?\", \"action\": \"no_action\", \"new_substatus\": null}}','2025-11-04 18:15:09'),('d0635ac6-0744-450c-bab1-3003d5c19755','c35b95f6-cb21-4094-baff-d3c2e3cec621','79701666-b9ab-11f0-888e-f4b5205b5b70','Ya ternine de descargar me voy','unloading_complete',0.9800,'¡Entendido! Gracias por informarnos. ¿Cuál es tu siguiente destino?','gemini','','{\"entities\": {}, \"response_metadata\": {\"intent\": \"unloading_complete\", \"confidence\": 0.98, \"entities\": {}, \"response\": \"\\u00a1Entendido! Gracias por informarnos. \\u00bfCu\\u00e1l es tu siguiente destino?\", \"action\": \"update_substatus\", \"new_substatus\": \"en_ruta_siguiente_destino\"}}','2025-11-04 18:27:32'),('d0ef6ad0-7a37-4791-a7a1-973c7fdb7fed','7f6b8bae-92c7-426a-8b14-63ca06afc221','46158006-b9a2-11f0-888e-f4b5205b5b70','Ya termine de cargar','loading_complete',0.9800,'¡Excelente noticia! Entendido, la carga ha finalizado. Por favor, procede a la siguiente etapa del viaje.','gemini','','{\"entities\": {}, \"response_metadata\": {\"intent\": \"loading_complete\", \"confidence\": 0.98, \"entities\": {}, \"response\": \"\\u00a1Excelente noticia! Entendido, la carga ha finalizado. Por favor, procede a la siguiente etapa del viaje.\", \"action\": \"update_substatus\", \"new_substatus\": \"en_ruta_descarga\"}}','2025-11-04 17:19:58'),('d9cb0385-23e6-4ae6-8adf-0f740de0cc13','045b73ff-af9d-4451-a919-e592fd2a4af9','46158006-b9a2-11f0-888e-f4b5205b5b70','A patio','route_update',0.9000,'Entendido, te has dirigido al patio. ¿Podrías confirmar si esto significa que estás llegando o que ya has comenzado alguna actividad allí?','gemini','','{\"entities\": {\"destination_detail\": \"patio\"}, \"response_metadata\": {\"intent\": \"route_update\", \"confidence\": 0.9, \"entities\": {\"destination_detail\": \"patio\"}, \"response\": \"Entendido, te has dirigido al patio. \\u00bfPodr\\u00edas confirmar si esto significa que est\\u00e1s llegando o que ya has comenzado alguna actividad all\\u00ed?\", \"action\": \"no_action\", \"new_substatus\": null}}','2025-11-04 17:21:17'),('e2b2cb44-81d5-4c6b-9234-99b36330c809','20bfaa78-bd4f-4d8c-9da8-3625ddb7ef28','46158006-b9a2-11f0-888e-f4b5205b5b70','A la matriz de la empresa','route_update',0.9800,'Entendido, te diriges a la matriz de la empresa. Por favor, mantente atento a cualquier otra instrucción o actualización de ruta.','gemini','','{\"entities\": {\"destination\": \"matriz de la empresa\"}, \"response_metadata\": {\"intent\": \"route_update\", \"confidence\": 0.98, \"entities\": {\"destination\": \"matriz de la empresa\"}, \"response\": \"Entendido, te diriges a la matriz de la empresa. Por favor, mantente atento a cualquier otra instrucci\\u00f3n o actualizaci\\u00f3n de ruta.\", \"action\": \"update_substatus\", \"new_substatus\": \"rumbo_a_matriz\"}}','2025-11-04 17:21:47'),('ed2b4db1-a556-4e18-80b8-7fd713127668','039bc65f-1bbb-457b-9d73-a268917af04c','a7d140a9-b99e-11f0-888e-f4b5205b5b70','esperando en el anden','waiting_turn',0.9800,'Entendido, gracias por avisar. Sigue esperando tu turno en el andén. Te avisaremos si hay algún cambio.','gemini','','{\"entities\": {}, \"response_metadata\": {\"intent\": \"waiting_turn\", \"confidence\": 0.98, \"entities\": {}, \"response\": \"Entendido, gracias por avisar. Sigue esperando tu turno en el and\\u00e9n. Te avisaremos si hay alg\\u00fan cambio.\", \"action\": \"update_substatus\", \"new_substatus\": \"esperando_turno_carga\"}}','2025-11-04 17:17:16'),('f5a71ea2-37bc-4d6a-ae6e-b7a6a29cbe4b','b37c6810-74e0-4359-bdb1-561c10fb1f90','d8202a13-b9a9-11f0-888e-f4b5205b5b70','Ya empece a descargar jefe','unloading_started',0.9800,'¡Excelente noticia! Gracias por el aviso. Mantennos informados sobre el progreso de la descarga.','gemini','','{\"entities\": {}, \"response_metadata\": {\"intent\": \"unloading_started\", \"confidence\": 0.98, \"entities\": {}, \"response\": \"\\u00a1Excelente noticia! Gracias por el aviso. Mantennos informados sobre el progreso de la descarga.\", \"action\": \"update_substatus\", \"new_substatus\": \"descargando\"}}','2025-11-04 18:14:33'),('f79103a8-b554-4a90-b6b9-452a1f294fa1','4d0bc387-0097-4fb4-b481-f9c5a940ac52','d8202a13-b9a9-11f0-888e-f4b5205b5b70','Ya edtoy en ello jefe','other',0.8500,'Entendido, gracias por la confirmación. ¿Podrías especificar a qué te refieres exactamente con \'en ello\'? ¿Ya iniciaste alguna tarea?','gemini','','{\"entities\": {}, \"response_metadata\": {\"intent\": \"other\", \"confidence\": 0.85, \"entities\": {}, \"response\": \"Entendido, gracias por la confirmaci\\u00f3n. \\u00bfPodr\\u00edas especificar a qu\\u00e9 te refieres exactamente con \'en ello\'? \\u00bfYa iniciaste alguna tarea?\", \"action\": \"no_action\", \"new_substatus\": null}}','2025-11-04 18:13:24'),('fba16521-3ba6-47a6-9d37-107132c39b2d','11a9a4a9-b28b-486f-a21c-14f1eecc94e0','643a2693-b9a8-11f0-888e-f4b5205b5b70','YA Ternine ya me voy','unloading_complete',0.9800,'¡Entendido! Gracias por confirmar que has terminado. Por favor, procede a tu siguiente destino o notifícame si tienes alguna instrucción.','gemini','','{\"entities\": {}, \"response_metadata\": {\"intent\": \"unloading_complete\", \"confidence\": 0.98, \"entities\": {}, \"response\": \"\\u00a1Entendido! Gracias por confirmar que has terminado. Por favor, procede a tu siguiente destino o notif\\u00edcame si tienes alguna instrucci\\u00f3n.\", \"action\": \"update_substatus\", \"new_substatus\": \"en_espera_siguiente_tarea\"}}','2025-11-04 18:05:32'),('fe4c02b8-2a86-4db6-b216-8063dca7f103','bcfee37b-6332-4d6d-8252-e294ab650e95','79701666-b9ab-11f0-888e-f4b5205b5b70','Ya empece a descargar','unloading_started',0.9800,'¡Entendido! Gracias por notificar que ha comenzado la descarga. Estaremos atentos a la finalización.','gemini','','{\"entities\": {}, \"response_metadata\": {\"intent\": \"unloading_started\", \"confidence\": 0.98, \"entities\": {}, \"response\": \"\\u00a1Entendido! Gracias por notificar que ha comenzado la descarga. Estaremos atentos a la finalizaci\\u00f3n.\", \"action\": \"update_substatus\", \"new_substatus\": \"descargando\"}}','2025-11-04 18:27:06'),('fec82a0e-e6c2-4021-a19b-9af85d8e8166','a6457475-a612-4738-8fbb-fc9e2d464f23','a7d140a9-b99e-11f0-888e-f4b5205b5b70','Hjolmm','other',0.9900,'Hola. Parece que tu mensaje no es claro. ¿Podrías reformularlo o confirmar si sigues esperando tu turno para cargar?','gemini','','{\"entities\": {}, \"response_metadata\": {\"intent\": \"other\", \"confidence\": 0.99, \"entities\": {}, \"response\": \"Hola. Parece que tu mensaje no es claro. \\u00bfPodr\\u00edas reformularlo o confirmar si sigues esperando tu turno para cargar?\", \"action\": \"no_action\", \"new_substatus\": null}}','2025-11-04 17:17:22');
/*!40000 ALTER TABLE `ai_interactions` ENABLE KEYS */;

--
-- Table structure for table `configurations`
--

DROP TABLE IF EXISTS `configurations`;
/*!40101 SET @saved_cs_client     = @@character_set_client */;
/*!50503 SET character_set_client = utf8mb4 */;
CREATE TABLE `configurations` (
  `id` varchar(36) NOT NULL DEFAULT uuid(),
  `config_key` varchar(255) NOT NULL,
  `config_value` longtext CHARACTER SET utf8mb4 COLLATE utf8mb4_bin NOT NULL CHECK (json_valid(`config_value`)),
  `description` text DEFAULT NULL,
  `created_at` timestamp NOT NULL DEFAULT current_timestamp(),
  `updated_at` timestamp NOT NULL DEFAULT current_timestamp() ON UPDATE current_timestamp(),
  PRIMARY KEY (`id`),
  UNIQUE KEY `config_key` (`config_key`),
  KEY `idx_config_key` (`config_key`)
) ENGINE=InnoDB DEFAULT CHARSET=utf8mb4 COLLATE=utf8mb4_unicode_ci;
/*!40101 SET character_set_client = @saved_cs_client */;

--
-- Dumping data for table `configurations`
--

/*!40000 ALTER TABLE `configurations` DISABLE KEYS */;
/*!40000 ALTER TABLE `configurations` ENABLE KEYS */;

--
-- Table structure for table `conversations`
--

DROP TABLE IF EXISTS `conversations`;
/*!40101 SET @saved_cs_client     = @@character_set_client */;
/*!50503 SET character_set_client = utf8mb4 */;
CREATE TABLE `conversations` (
  `id` varchar(36) NOT NULL DEFAULT uuid(),
  `trip_id` varchar(36) NOT NULL,
  `driver_id` varchar(36) DEFAULT NULL,
  `whatsapp_group_id` varchar(255) DEFAULT NULL,
  `status` varchar(50) DEFAULT 'active',
  `metadata` longtext CHARACTER SET utf8mb4 COLLATE utf8mb4_bin DEFAULT NULL CHECK (json_valid(`metadata`)),
  `created_at` timestamp NOT NULL DEFAULT current_timestamp(),
  `updated_at` timestamp NOT NULL DEFAULT current_timestamp() ON UPDATE current_timestamp(),
  PRIMARY KEY (`id`),
  KEY `idx_trip` (`trip_id`),
  KEY `idx_driver` (`driver_id`),
  KEY `idx_whatsapp_group` (`whatsapp_group_id`),
  CONSTRAINT `conversations_ibfk_1` FOREIGN KEY (`trip_id`) REFERENCES `trips` (`id`) ON DELETE CASCADE,
  CONSTRAINT `conversations_ibfk_2` FOREIGN KEY (`driver_id`) REFERENCES `drivers` (`id`) ON DELETE SET NULL
) ENGINE=InnoDB DEFAULT CHARSET=utf8mb4 COLLATE=utf8mb4_unicode_ci;
/*!40101 SET character_set_client = @saved_cs_client */;

--
-- Dumping data for table `conversations`
--

/*!40000 ALTER TABLE `conversations` DISABLE KEYS */;
INSERT INTO `conversations` VALUES ('0921879a-b90e-11f0-b55b-f4b5205b5b70','0852b4a5-b90e-11f0-b55b-f4b5205b5b70',NULL,'120363403049510581@g.us','active','{\"group_name\": \"Viaje INTERACTIVE-20251103173716\", \"participants\": [\"+5214771817823\"]}','2025-11-03 23:37:18','2025-11-03 23:37:18'),('141e870c-b994-11f0-888e-f4b5205b5b70','12ed1489-b994-11f0-888e-f4b5205b5b70',NULL,'120363404757944192@g.us','active','{\"group_name\": \"Viaje TEST_FLOW_20251104093637\", \"participants\": [\"+5214771817823\", \"+5214775589835\"]}','2025-11-04 15:36:49','2025-11-04 15:36:49'),('16937ddf-b98f-11f0-888e-f4b5205b5b70','15526a7c-b98f-11f0-888e-f4b5205b5b70',NULL,'120363421818896793@g.us','active','{\"group_name\": \"Viaje TEST_FLOW_20251104090049\", \"participants\": [\"+5214771817823\", \"+5214775589835\"]}','2025-11-04 15:01:05','2025-11-04 15:01:05'),('18791d2d-b991-11f0-888e-f4b5205b5b70','17561849-b991-11f0-888e-f4b5205b5b70',NULL,'120363422253008562@g.us','active','{\"group_name\": \"Viaje TEST_FLOW_20251104091517\", \"participants\": [\"+5214771817823\", \"+5214775589835\"]}','2025-11-04 15:15:28','2025-11-04 15:15:28'),('1ce1df88-b90c-11f0-b55b-f4b5205b5b70','1c297127-b90c-11f0-b55b-f4b5205b5b70',NULL,'120363406562137331@g.us','active','{\"group_name\": \"Viaje GEO_ENTRY-20251103172331\", \"participants\": [\"+5214771234567\"]}','2025-11-03 23:23:32','2025-11-03 23:23:32'),('1dae067a-b90e-11f0-b55b-f4b5205b5b70','1cea874c-b90e-11f0-b55b-f4b5205b5b70',NULL,'120363422965494954@g.us','active','{\"group_name\": \"Viaje INTERACTIVE-20251103173751\", \"participants\": [\"+5214771817823\"]}','2025-11-03 23:37:52','2025-11-03 23:37:52'),('2e4a1dc1-b90e-11f0-b55b-f4b5205b5b70','2d9425cc-b90e-11f0-b55b-f4b5205b5b70',NULL,'120363403436249760@g.us','active','{\"group_name\": \"Viaje INTERACTIVE-20251103173819\", \"participants\": [\"+5214771817823\"]}','2025-11-03 23:38:20','2025-11-03 23:38:20'),('3ec847cd-b998-11f0-888e-f4b5205b5b70','3da21e26-b998-11f0-888e-f4b5205b5b70',NULL,'120363421305152904@g.us','active','{\"group_name\": \"Viaje TEST_FLOW_20251104100628\", \"participants\": [\"+5214771817823\", \"+5214775589835\"]}','2025-11-04 16:06:38','2025-11-04 16:06:38'),('4456b975-b90c-11f0-b55b-f4b5205b5b70','43afe6fc-b90c-11f0-b55b-f4b5205b5b70',NULL,'120363404888922658@g.us','active','{\"group_name\": \"Viaje GEO_ENTRY-20251103172437\", \"participants\": [\"+5214771234567\"]}','2025-11-03 23:24:38','2025-11-03 23:24:38'),('477964a8-b9a2-11f0-888e-f4b5205b5b70','46158006-b9a2-11f0-888e-f4b5205b5b70',NULL,'120363421211127674@g.us','active','{\"group_name\": \"Viaje TEST_FLOW_20251104111820\", \"participants\": [\"+5214771817823\", \"+5214775589835\"]}','2025-11-04 17:18:28','2025-11-04 17:18:28'),('4a3f57a0-b9b1-11f0-888e-f4b5205b5b70','491c3649-b9b1-11f0-888e-f4b5205b5b70',NULL,'120363405702529153@g.us','active','{\"group_name\": \"Viaje TEST_FLOW_20251104130545\", \"participants\": [\"+5214771817823\", \"+5214775589835\"]}','2025-11-04 19:05:55','2025-11-04 19:05:55'),('4c25897a-b90e-11f0-b55b-f4b5205b5b70','4b5e72f4-b90e-11f0-b55b-f4b5205b5b70',NULL,'120363404141177140@g.us','active','{\"group_name\": \"Viaje INTERACTIVE-20251103173909\", \"participants\": [\"+5214771817823\"]}','2025-11-03 23:39:10','2025-11-03 23:39:10'),('4de206eb-b992-11f0-888e-f4b5205b5b70','4caf1dd9-b992-11f0-888e-f4b5205b5b70',NULL,'120363421764430948@g.us','active','{\"group_name\": \"Viaje TEST_FLOW_20251104092357\", \"participants\": [\"+5214771817823\", \"+5214775589835\"]}','2025-11-04 15:24:07','2025-11-04 15:24:07'),('507b742c-b990-11f0-888e-f4b5205b5b70','4f39c1a4-b990-11f0-888e-f4b5205b5b70',NULL,'120363403765563654@g.us','active','{\"group_name\": \"Viaje TEST_FLOW_20251104090943\", \"participants\": [\"+5214771817823\", \"+5214775589835\"]}','2025-11-04 15:09:52','2025-11-04 15:09:52'),('54c1402d-b996-11f0-888e-f4b5205b5b70','536937fd-b996-11f0-888e-f4b5205b5b70',NULL,'120363402903983721@g.us','active','{\"group_name\": \"Viaje TEST_FLOW_20251104095243\", \"participants\": [\"+5214771817823\", \"+5214775589835\"]}','2025-11-04 15:52:56','2025-11-04 15:52:56'),('5eb62f60-b90c-11f0-b55b-f4b5205b5b70','5e138023-b90c-11f0-b55b-f4b5205b5b70',NULL,'120363423677953176@g.us','active','{\"group_name\": \"Viaje GEO_ENTRY-20251103172521\", \"participants\": [\"+5214771234567\"]}','2025-11-03 23:25:22','2025-11-03 23:25:22'),('632440d9-b90b-11f0-b55b-f4b5205b5b70','627509ff-b90b-11f0-b55b-f4b5205b5b70',NULL,'120363422637285163@g.us','active','{\"group_name\": \"Viaje GEO_ENTRY-20251103171819\", \"participants\": [\"+5214771234567\"]}','2025-11-03 23:18:20','2025-11-03 23:18:20'),('64bd3958-b90d-11f0-b55b-f4b5205b5b70','6417ac08-b90d-11f0-b55b-f4b5205b5b70',NULL,'120363403667798470@g.us','active','{\"group_name\": \"Viaje GEO_ENTRY-20251103173241\", \"participants\": [\"+5214771234567\"]}','2025-11-03 23:32:42','2025-11-03 23:32:42'),('65c4e2ec-b9a8-11f0-888e-f4b5205b5b70','643a2693-b9a8-11f0-888e-f4b5205b5b70',NULL,'120363404205309874@g.us','active','{\"group_name\": \"Viaje TEST_FLOW_20251104120159\", \"participants\": [\"+5214771817823\", \"+5214775589835\"]}','2025-11-04 18:02:16','2025-11-04 18:02:16'),('6f63b263-b98e-11f0-888e-f4b5205b5b70','6e002be8-b98e-11f0-888e-f4b5205b5b70',NULL,'120363422046456790@g.us','active','{\"group_name\": \"Viaje TEST_FLOW_20251104085328\", \"participants\": [\"+5214771817823\", \"+5214775589835\"]}','2025-11-04 14:56:25','2025-11-04 14:56:25'),('730aa49d-b90c-11f0-b55b-f4b5205b5b70','724b3483-b90c-11f0-b55b-f4b5205b5b70',NULL,'120363420845102771@g.us','active','{\"group_name\": \"Viaje GEO_ENTRY-20251103172555\", \"participants\": [\"+5214771234567\"]}','2025-11-03 23:25:56','2025-11-03 23:25:56'),('778a4504-b90b-11f0-b55b-f4b5205b5b70','76d94641-b90b-11f0-b55b-f4b5205b5b70',NULL,'120363422206442635@g.us','active','{\"group_name\": \"Viaje GEO_ENTRY-20251103171853\", \"participants\": [\"+5214771234567\"]}','2025-11-03 23:18:54','2025-11-03 23:18:54'),('7acb153c-b9ab-11f0-888e-f4b5205b5b70','79701666-b9ab-11f0-888e-f4b5205b5b70',NULL,'120363403638970775@g.us','active','{\"group_name\": \"Viaje TEST_FLOW_20251104122406\", \"participants\": [\"+5214771817823\", \"+5214775589835\"]}','2025-11-04 18:24:19','2025-11-04 18:24:19'),('80b921cd-b98f-11f0-888e-f4b5205b5b70','7f8e6b38-b98f-11f0-888e-f4b5205b5b70',NULL,'120363423149206063@g.us','active','{\"group_name\": \"Viaje TEST_FLOW_20251104090347\", \"participants\": [\"+5214771817823\", \"+5214775589835\"]}','2025-11-04 15:04:03','2025-11-04 15:04:03'),('8304addf-b90a-11f0-b55b-f4b5205b5b70','8245ea85-b90a-11f0-b55b-f4b5205b5b70',NULL,'120363405975264538@g.us','active','{\"group_name\": \"Viaje GEO_ENTRY-20251103171203\", \"participants\": [\"+5214771234567\"]}','2025-11-03 23:12:04','2025-11-03 23:12:04'),('8623578a-b90c-11f0-b55b-f4b5205b5b70','857c0de7-b90c-11f0-b55b-f4b5205b5b70',NULL,'120363406178877404@g.us','active','{\"group_name\": \"Viaje GEO_ENTRY-20251103172627\", \"participants\": [\"+5214771234567\"]}','2025-11-03 23:26:28','2025-11-03 23:26:28'),('87c018a2-b99d-11f0-888e-f4b5205b5b70','86877c6c-b99d-11f0-888e-f4b5205b5b70',NULL,'120363404629424294@g.us','active','{\"group_name\": \"Viaje TEST_FLOW_20251104104419\", \"participants\": [\"+5214771817823\", \"+5214775589835\"]}','2025-11-04 16:44:28','2025-11-04 16:44:28'),('98c4d4ee-b90c-11f0-b55b-f4b5205b5b70','98119d25-b90c-11f0-b55b-f4b5205b5b70',NULL,'120363407153982819@g.us','active','{\"group_name\": \"Viaje GEO_ENTRY-20251103172659\", \"participants\": [\"+5214771234567\"]}','2025-11-03 23:27:00','2025-11-03 23:27:00'),('9d0f1508-b90a-11f0-b55b-f4b5205b5b70','9c6dd3de-b90a-11f0-b55b-f4b5205b5b70',NULL,'120363404992292432@g.us','active','{\"group_name\": \"Viaje GEO_ENTRY-20251103171247\", \"participants\": [\"+5214771234567\"]}','2025-11-03 23:12:48','2025-11-03 23:12:48'),('a16e506b-b999-11f0-888e-f4b5205b5b70','a019b809-b999-11f0-888e-f4b5205b5b70',NULL,'120363421688497664@g.us','active','{\"group_name\": \"Viaje TEST_FLOW_20251104101623\", \"participants\": [\"+5214771817823\", \"+5214775589835\"]}','2025-11-04 16:16:33','2025-11-04 16:16:33'),('a95ba877-b99e-11f0-888e-f4b5205b5b70','a7d140a9-b99e-11f0-888e-f4b5205b5b70',NULL,'120363423044511726@g.us','active','{\"group_name\": \"Viaje TEST_FLOW_20251104105213\", \"participants\": [\"+5214771817823\", \"+5214775589835\"]}','2025-11-04 16:52:34','2025-11-04 16:52:34'),('ab90ad51-b991-11f0-888e-f4b5205b5b70','aa422c66-b991-11f0-888e-f4b5205b5b70',NULL,'120363404398194924@g.us','active','{\"group_name\": \"Viaje TEST_FLOW_20251104091926\", \"participants\": [\"+5214771817823\", \"+5214775589835\"]}','2025-11-04 15:19:34','2025-11-04 15:19:34'),('ac3b4c50-b90c-11f0-b55b-f4b5205b5b70','ab8bade1-b90c-11f0-b55b-f4b5205b5b70',NULL,'120363405029621045@g.us','active','{\"group_name\": \"Viaje GEO_ENTRY-20251103172731\", \"participants\": [\"+5214771234567\"]}','2025-11-03 23:27:32','2025-11-03 23:27:32'),('ada632b7-b90b-11f0-b55b-f4b5205b5b70','ace3d7ee-b90b-11f0-b55b-f4b5205b5b70',NULL,'120363424442868118@g.us','active','{\"group_name\": \"Viaje GEO_ENTRY-20251103172024\", \"participants\": [\"+5214771234567\"]}','2025-11-03 23:20:25','2025-11-03 23:20:25'),('af8fbb06-b997-11f0-888e-f4b5205b5b70','ae53eb28-b997-11f0-888e-f4b5205b5b70',NULL,'120363422359689137@g.us','active','{\"group_name\": \"Viaje TEST_FLOW_20251104100230\", \"participants\": [\"+5214771817823\", \"+5214775589835\"]}','2025-11-04 16:02:38','2025-11-04 16:02:38'),('c0c9921c-b995-11f0-888e-f4b5205b5b70','bf963310-b995-11f0-888e-f4b5205b5b70',NULL,'120363405014914247@g.us','active','{\"group_name\": \"Viaje TEST_FLOW_20251104094833\", \"participants\": [\"+5214771817823\", \"+5214775589835\"]}','2025-11-04 15:48:48','2025-11-04 15:48:48'),('d0eae90b-b994-11f0-888e-f4b5205b5b70','cf8f7c13-b994-11f0-888e-f4b5205b5b70',NULL,'120363421223607812@g.us','active','{\"group_name\": \"Viaje TEST_FLOW_20251104094156\", \"participants\": [\"+5214771817823\", \"+5214775589835\"]}','2025-11-04 15:42:05','2025-11-04 15:42:05'),('d68139dd-b90b-11f0-b55b-f4b5205b5b70','d5d847e7-b90b-11f0-b55b-f4b5205b5b70',NULL,'120363420928675042@g.us','active','{\"group_name\": \"Viaje GEO_ENTRY-20251103172133\", \"participants\": [\"+5214771234567\"]}','2025-11-03 23:21:34','2025-11-03 23:21:34'),('d99800c5-b9a9-11f0-888e-f4b5205b5b70','d8202a13-b9a9-11f0-888e-f4b5205b5b70',NULL,'120363405088399642@g.us','active','{\"group_name\": \"Viaje TEST_FLOW_20251104121227\", \"participants\": [\"+5214771817823\", \"+5214775589835\"]}','2025-11-04 18:12:39','2025-11-04 18:12:39'),('da3d0304-b90e-11f0-b55b-f4b5205b5b70','d985e6e1-b90e-11f0-b55b-f4b5205b5b70',NULL,'120363421738270645@g.us','active','{\"group_name\": \"Viaje E2E_FULL-20251103174307\", \"participants\": [\"+5214771817823\"]}','2025-11-03 23:43:09','2025-11-03 23:43:09'),('dcd07743-b990-11f0-888e-f4b5205b5b70','db9a1ffd-b990-11f0-888e-f4b5205b5b70',NULL,'120363422168570180@g.us','active','{\"group_name\": \"Viaje TEST_FLOW_20251104091337\", \"participants\": [\"+5214771817823\", \"+5214775589835\"]}','2025-11-04 15:13:47','2025-11-04 15:13:47'),('f6406fcc-b99c-11f0-888e-f4b5205b5b70','f4e62b63-b99c-11f0-888e-f4b5205b5b70',NULL,'120363421821593358@g.us','active','{\"group_name\": \"Viaje TEST_FLOW_20251104104015\", \"participants\": [\"+5214771817823\", \"+5214775589835\"]}','2025-11-04 16:40:24','2025-11-04 16:40:24'),('f82a4bac-b98f-11f0-888e-f4b5205b5b70','f6ec0770-b98f-11f0-888e-f4b5205b5b70',NULL,'120363422522399097@g.us','active','{\"group_name\": \"Viaje TEST_FLOW_20251104090716\", \"participants\": [\"+5214771817823\", \"+5214775589835\"]}','2025-11-04 15:07:24','2025-11-04 15:07:24'),('fbce6a69-b90b-11f0-b55b-f4b5205b5b70','fb1e3334-b90b-11f0-b55b-f4b5205b5b70',NULL,'120363422469709885@g.us','active','{\"group_name\": \"Viaje GEO_ENTRY-20251103172235\", \"participants\": [\"+5214771234567\"]}','2025-11-03 23:22:36','2025-11-03 23:22:36'),('fd10e7eb-b90a-11f0-b55b-f4b5205b5b70','fc69872e-b90a-11f0-b55b-f4b5205b5b70',NULL,'120363420994778656@g.us','active','{\"group_name\": \"Viaje GEO_ENTRY-20251103171528\", \"participants\": [\"+5214771234567\"]}','2025-11-03 23:15:29','2025-11-03 23:15:29');
/*!40000 ALTER TABLE `conversations` ENABLE KEYS */;

--
-- Table structure for table `drivers`
--

DROP TABLE IF EXISTS `drivers`;
/*!40101 SET @saved_cs_client     = @@character_set_client */;
/*!50503 SET character_set_client = utf8mb4 */;
CREATE TABLE `drivers` (
  `id` varchar(36) NOT NULL DEFAULT uuid(),
  `name` varchar(255) NOT NULL,
  `phone` varchar(20) NOT NULL,
  `floatify_driver_id` varchar(50) DEFAULT NULL,
  `wialon_driver_code` varchar(100) DEFAULT NULL,
  `metadata` longtext CHARACTER SET utf8mb4 COLLATE utf8mb4_bin DEFAULT NULL CHECK (json_valid(`metadata`)),
  `created_at` timestamp NOT NULL DEFAULT current_timestamp(),
  `updated_at` timestamp NOT NULL DEFAULT current_timestamp() ON UPDATE current_timestamp(),
  PRIMARY KEY (`id`),
  UNIQUE KEY `phone` (`phone`),
  UNIQUE KEY `wialon_driver_code` (`wialon_driver_code`),
  UNIQUE KEY `idx_drivers_floatify_driver_id` (`floatify_driver_id`),
  KEY `idx_phone` (`phone`),
  KEY `idx_wialon_code` (`wialon_driver_code`)
) ENGINE=InnoDB DEFAULT CHARSET=utf8mb4 COLLATE=utf8mb4_unicode_ci;
/*!40101 SET character_set_client = @saved_cs_client */;

--
-- Dumping data for table `drivers`
--

/*!40000 ALTER TABLE `drivers` DISABLE KEYS */;
INSERT INTO `drivers` VALUES ('0851d0a1-b90e-11f0-b55b-f4b5205b5b70','Usuario de Prueba E2E','+5214771817823',NULL,'999','{\"id\": 999, \"name\": \"Usuario de Prueba E2E\", \"phone\": \"+5214771817823\", \"wialon_code\": \"DRIVER_TEST_001\"}','2025-11-03 23:37:16','2025-11-03 23:43:07'),('6dff1406-b98e-11f0-888e-f4b5205b5b70','PRUEBA_FLOWTIFY','+5214775589835',NULL,'33','{\"id\": 33, \"name\": \"PRUEBA_FLOWTIFY\", \"phone\": \"+5214775589835\"}','2025-11-04 14:56:23','2025-11-04 19:05:53'),('8010db08-b8ed-11f0-ba42-f4b5205b5b70','Conductor Prueba','5214771817823',NULL,'CODE_5214771817823','{}','2025-11-03 19:44:24','2025-11-03 20:57:37');
/*!40000 ALTER TABLE `drivers` ENABLE KEYS */;

--
-- Table structure for table `events`
--

DROP TABLE IF EXISTS `events`;
/*!40101 SET @saved_cs_client     = @@character_set_client */;
/*!50503 SET character_set_client = utf8mb4 */;
CREATE TABLE `events` (
  `id` varchar(36) NOT NULL DEFAULT uuid(),
  `event_type` varchar(100) NOT NULL,
  `unit_id` varchar(36) DEFAULT NULL,
  `trip_id` varchar(36) DEFAULT NULL,
  `geofence_id` varchar(36) DEFAULT NULL,
  `latitude` decimal(10,8) DEFAULT NULL,
  `longitude` decimal(11,8) DEFAULT NULL,
  `event_time` timestamp NOT NULL DEFAULT current_timestamp() ON UPDATE current_timestamp(),
  `wialon_notification_id` varchar(255) DEFAULT NULL,
  `raw_payload` longtext CHARACTER SET utf8mb4 COLLATE utf8mb4_bin DEFAULT NULL CHECK (json_valid(`raw_payload`)),
  `processed` tinyint(1) DEFAULT 0,
  `created_at` timestamp NOT NULL DEFAULT current_timestamp(),
  PRIMARY KEY (`id`),
  UNIQUE KEY `unique_wialon_notification` (`wialon_notification_id`),
  KEY `geofence_id` (`geofence_id`),
  KEY `idx_event_type` (`event_type`),
  KEY `idx_unit` (`unit_id`),
  KEY `idx_trip` (`trip_id`),
  KEY `idx_event_time` (`event_time`),
  KEY `idx_processed` (`processed`),
  CONSTRAINT `events_ibfk_1` FOREIGN KEY (`unit_id`) REFERENCES `units` (`id`) ON DELETE SET NULL,
  CONSTRAINT `events_ibfk_2` FOREIGN KEY (`trip_id`) REFERENCES `trips` (`id`) ON DELETE SET NULL,
  CONSTRAINT `events_ibfk_3` FOREIGN KEY (`geofence_id`) REFERENCES `geofences` (`id`) ON DELETE SET NULL
) ENGINE=InnoDB DEFAULT CHARSET=utf8mb4 COLLATE=utf8mb4_unicode_ci;
/*!40101 SET character_set_client = @saved_cs_client */;

--
-- Dumping data for table `events`
--

/*!40000 ALTER TABLE `events` DISABLE KEYS */;
INSERT INTO `events` VALUES ('00957b5d-b8ef-11f0-9393-f4b5205b5b70','geofence_entry',NULL,'4784018a-c460-4f5d-b89f-abff4d22f7f3',NULL,21.05050000,-101.79950000,'2025-11-03 19:55:09',NULL,'{\"unit_name\": \"Torton 309 41BB3T\", \"unit_id\": \"27538728\", \"imei\": \"863719067169228\", \"latitude\": 21.0505, \"longitude\": -101.7995, \"altitude\": 1796, \"speed\": 6.2, \"course\": 270, \"address\": \"ZONA DE CARGA - PLANTA ACME, Le\\u00f3n, Gto., M\\u00e9xico\", \"pos_time\": \"2025-11-03 13:55:09\", \"driver_name\": \"Conductor de Prueba\", \"driver_code\": \"33\", \"geofence_name\": \"PLANTA ACME - ZONA CARGA\", \"geofence_id\": \"9001\", \"notification_type\": \"geofence_entry\", \"event_time\": 1762199709}',0,'2025-11-03 19:55:09'),('06c34e16-ebfc-4c5f-861b-0be78875e45f','geofence_exit','154deacb-b98f-11f0-888e-f4b5205b5b70','d8202a13-b9a9-11f0-888e-f4b5205b5b70','12ee1367-b994-11f0-888e-f4b5205b5b70',21.05100000,-101.79900000,'2025-11-04 18:14:09','NOTIF_1762280047_4446','{\"unit_name\": \"Torton 309 41BB3T\", \"unit_id\": \"27538728\", \"notification_type\": \"geofence_exit\", \"notification_id\": \"NOTIF_1762280047_4446\", \"event_time\": 1728280400, \"latitude\": 21.051, \"longitude\": -101.799, \"imei\": \"863719067169228\", \"altitude\": 1796.0, \"speed\": 8.4, \"course\": 90, \"address\": \"ZONA DE CARGA - PLANTA ACME, Le\\u00f3n, Gto., M\\u00e9xico\", \"pos_time\": \"2024-10-07 01:33:20\", \"driver_name\": \"PRUEBA FLOWTIFY\", \"driver_code\": \"29\", \"geofence_name\": \"PLANTA ACME - ZONA CARGA\", \"geofence_id\": \"9001\", \"max_speed\": null, \"deviation_distance_km\": null, \"last_message_time\": null}',1,'2025-11-04 18:14:09'),('107c8685-f07a-4018-8f15-a2e49510c371','geofence_entry','1c27e6ab-b90c-11f0-b55b-f4b5205b5b70','5e138023-b90c-11f0-b55b-f4b5205b5b70','05804a56-b904-11f0-9393-f4b5205b5b70',21.12340000,-101.67890000,'0000-00-00 00:00:00','TEST_NOTIF_1762212323_0e048e85','{\"unit_name\": \"TEST Unit 001\", \"unit_id\": \"12345\", \"notification_type\": \"geofence_entry\", \"notification_id\": \"TEST_NOTIF_1762212323_0e048e85\", \"event_time\": 1762212323, \"latitude\": 21.1234, \"longitude\": -101.6789, \"imei\": \"123456789012345\", \"altitude\": null, \"speed\": 0.0, \"course\": null, \"address\": \"Test Address\", \"pos_time\": null, \"driver_name\": null, \"driver_code\": null, \"geofence_name\": \"TEST Zona de Carga\", \"geofence_id\": \"geo_101\", \"max_speed\": null, \"deviation_distance_km\": null, \"last_message_time\": null}',0,'2025-11-03 23:25:23'),('1c74096a-81f5-4574-b0ff-6f7b519ac696','geofence_entry','154deacb-b98f-11f0-888e-f4b5205b5b70','d8202a13-b9a9-11f0-888e-f4b5205b5b70','12ee1367-b994-11f0-888e-f4b5205b5b70',21.05050000,-101.79950000,'2025-11-04 18:13:01','NOTIF_1762279978_2631','{\"unit_name\": \"Torton 309 41BB3T\", \"unit_id\": \"27538728\", \"notification_type\": \"geofence_entry\", \"notification_id\": \"NOTIF_1762279978_2631\", \"event_time\": 1728280100, \"latitude\": 21.0505, \"longitude\": -101.7995, \"imei\": \"863719067169228\", \"altitude\": 1796.0, \"speed\": 6.2, \"course\": 270, \"address\": \"ZONA DE CARGA - PLANTA ACME, Le\\u00f3n, Gto., M\\u00e9xico\", \"pos_time\": \"2024-10-07 01:28:20\", \"driver_name\": \"PRUEBA FLOWTIFY\", \"driver_code\": \"29\", \"geofence_name\": \"PLANTA ACME - ZONA CARGA\", \"geofence_id\": \"9001\", \"max_speed\": null, \"deviation_distance_km\": null, \"last_message_time\": null}',1,'2025-11-04 18:13:00'),('27ded7fb-aa3a-474e-889d-4f92e55c75ec','geofence_entry','154deacb-b98f-11f0-888e-f4b5205b5b70','536937fd-b996-11f0-888e-f4b5205b5b70','12ee1367-b994-11f0-888e-f4b5205b5b70',21.05050000,-101.79950000,'2025-11-04 15:53:23','NOTIF_1762271600_9489','{\"unit_name\": \"Torton 309 41BB3T\", \"unit_id\": \"27538728\", \"notification_type\": \"geofence_entry\", \"notification_id\": \"NOTIF_1762271600_9489\", \"event_time\": 1728280100, \"latitude\": 21.0505, \"longitude\": -101.7995, \"imei\": \"863719067169228\", \"altitude\": 1796.0, \"speed\": 6.2, \"course\": 270, \"address\": \"ZONA DE CARGA - PLANTA ACME, Le\\u00f3n, Gto., M\\u00e9xico\", \"pos_time\": \"2024-10-07 01:28:20\", \"driver_name\": \"PRUEBA FLOWTIFY\", \"driver_code\": \"29\", \"geofence_name\": \"PLANTA ACME - ZONA CARGA\", \"geofence_id\": \"9001\", \"max_speed\": null, \"deviation_distance_km\": null, \"last_message_time\": null}',1,'2025-11-04 15:53:22'),('284d8717-b43b-42b1-8057-1d131db78e2e','geofence_exit','154deacb-b98f-11f0-888e-f4b5205b5b70','46158006-b9a2-11f0-888e-f4b5205b5b70','12ee1367-b994-11f0-888e-f4b5205b5b70',21.05100000,-101.79900000,'2025-11-04 17:20:06','NOTIF_1762276804_1115','{\"unit_name\": \"Torton 309 41BB3T\", \"unit_id\": \"27538728\", \"notification_type\": \"geofence_exit\", \"notification_id\": \"NOTIF_1762276804_1115\", \"event_time\": 1728280400, \"latitude\": 21.051, \"longitude\": -101.799, \"imei\": \"863719067169228\", \"altitude\": 1796.0, \"speed\": 8.4, \"course\": 90, \"address\": \"ZONA DE CARGA - PLANTA ACME, Le\\u00f3n, Gto., M\\u00e9xico\", \"pos_time\": \"2024-10-07 01:33:20\", \"driver_name\": \"PRUEBA FLOWTIFY\", \"driver_code\": \"29\", \"geofence_name\": \"PLANTA ACME - ZONA CARGA\", \"geofence_id\": \"9001\", \"max_speed\": null, \"deviation_distance_km\": null, \"last_message_time\": null}',1,'2025-11-04 17:20:06'),('2891dd49-f0f0-4814-bc81-519f6accac36','geofence_entry','1c27e6ab-b90c-11f0-b55b-f4b5205b5b70','6417ac08-b90d-11f0-b55b-f4b5205b5b70','05804a56-b904-11f0-9393-f4b5205b5b70',21.12340000,-101.67890000,'2025-11-03 23:32:43','TEST_NOTIF_1762212763_8ea7188b','{\"unit_name\": \"TEST Unit 001\", \"unit_id\": \"12345\", \"notification_type\": \"geofence_entry\", \"notification_id\": \"TEST_NOTIF_1762212763_8ea7188b\", \"event_time\": 1762212763, \"latitude\": 21.1234, \"longitude\": -101.6789, \"imei\": \"123456789012345\", \"altitude\": null, \"speed\": 0.0, \"course\": null, \"address\": \"Test Address\", \"pos_time\": null, \"driver_name\": null, \"driver_code\": null, \"geofence_name\": \"TEST Zona de Carga\", \"geofence_id\": \"geo_101\", \"max_speed\": null, \"deviation_distance_km\": null, \"last_message_time\": null}',1,'2025-11-03 23:32:43'),('2a0e6a13-92a3-44ad-9cc9-64144809a6a7','geofence_entry','154deacb-b98f-11f0-888e-f4b5205b5b70','a019b809-b999-11f0-888e-f4b5205b5b70','12ee1367-b994-11f0-888e-f4b5205b5b70',21.05050000,-101.79950000,'2025-11-04 16:16:48','NOTIF_1762273005_7768','{\"unit_name\": \"Torton 309 41BB3T\", \"unit_id\": \"27538728\", \"notification_type\": \"geofence_entry\", \"notification_id\": \"NOTIF_1762273005_7768\", \"event_time\": 1728280100, \"latitude\": 21.0505, \"longitude\": -101.7995, \"imei\": \"863719067169228\", \"altitude\": 1796.0, \"speed\": 6.2, \"course\": 270, \"address\": \"ZONA DE CARGA - PLANTA ACME, Le\\u00f3n, Gto., M\\u00e9xico\", \"pos_time\": \"2024-10-07 01:28:20\", \"driver_name\": \"PRUEBA FLOWTIFY\", \"driver_code\": \"29\", \"geofence_name\": \"PLANTA ACME - ZONA CARGA\", \"geofence_id\": \"9001\", \"max_speed\": null, \"deviation_distance_km\": null, \"last_message_time\": null}',1,'2025-11-04 16:16:47'),('31759710-af6e-4309-960f-8135c216e732','geofence_entry','1c27e6ab-b90c-11f0-b55b-f4b5205b5b70','857c0de7-b90c-11f0-b55b-f4b5205b5b70','05804a56-b904-11f0-9393-f4b5205b5b70',21.12340000,-101.67890000,'0000-00-00 00:00:00','TEST_NOTIF_1762212389_2a3cb1fc','{\"unit_name\": \"TEST Unit 001\", \"unit_id\": \"12345\", \"notification_type\": \"geofence_entry\", \"notification_id\": \"TEST_NOTIF_1762212389_2a3cb1fc\", \"event_time\": 1762212389, \"latitude\": 21.1234, \"longitude\": -101.6789, \"imei\": \"123456789012345\", \"altitude\": null, \"speed\": 0.0, \"course\": null, \"address\": \"Test Address\", \"pos_time\": null, \"driver_name\": null, \"driver_code\": null, \"geofence_name\": \"TEST Zona de Carga\", \"geofence_id\": \"geo_101\", \"max_speed\": null, \"deviation_distance_km\": null, \"last_message_time\": null}',0,'2025-11-03 23:26:29'),('32754233-9430-45b7-89ce-f0b8e7fe3306','geofence_entry','154deacb-b98f-11f0-888e-f4b5205b5b70','79701666-b9ab-11f0-888e-f4b5205b5b70','12eee068-b994-11f0-888e-f4b5205b5b70',20.67360000,-103.34440000,'2025-11-04 18:26:49','NOTIF_1762280806_1123','{\"unit_name\": \"Torton 309 41BB3T\", \"unit_id\": \"27538728\", \"notification_type\": \"geofence_entry\", \"notification_id\": \"NOTIF_1762280806_1123\", \"event_time\": 1728286530, \"latitude\": 20.6736, \"longitude\": -103.3444, \"imei\": \"863719067169228\", \"altitude\": 1566.0, \"speed\": 5.5, \"course\": 180, \"address\": \"BODEGA COPPEL JALISCO, Jalisco, M\\u00e9xico\", \"pos_time\": \"2024-10-07 03:15:30\", \"driver_name\": \"PRUEBA FLOWTIFY\", \"driver_code\": \"29\", \"geofence_name\": \"BODEGA COPPEL JALISCO\", \"geofence_id\": \"9002\", \"max_speed\": null, \"deviation_distance_km\": null, \"last_message_time\": null}',1,'2025-11-04 18:26:48'),('3f6cf08f-143b-4a3c-a859-6728244d67f0','geofence_exit','154deacb-b98f-11f0-888e-f4b5205b5b70','79701666-b9ab-11f0-888e-f4b5205b5b70','12ee1367-b994-11f0-888e-f4b5205b5b70',21.05100000,-101.79900000,'2025-11-04 18:26:43','NOTIF_1762280801_5028','{\"unit_name\": \"Torton 309 41BB3T\", \"unit_id\": \"27538728\", \"notification_type\": \"geofence_exit\", \"notification_id\": \"NOTIF_1762280801_5028\", \"event_time\": 1728280400, \"latitude\": 21.051, \"longitude\": -101.799, \"imei\": \"863719067169228\", \"altitude\": 1796.0, \"speed\": 8.4, \"course\": 90, \"address\": \"ZONA DE CARGA - PLANTA ACME, Le\\u00f3n, Gto., M\\u00e9xico\", \"pos_time\": \"2024-10-07 01:33:20\", \"driver_name\": \"PRUEBA FLOWTIFY\", \"driver_code\": \"29\", \"geofence_name\": \"PLANTA ACME - ZONA CARGA\", \"geofence_id\": \"9001\", \"max_speed\": null, \"deviation_distance_km\": null, \"last_message_time\": null}',1,'2025-11-04 18:26:43'),('561fe803-63ca-4dce-8500-1cd9fbadf069','geofence_entry','154deacb-b98f-11f0-888e-f4b5205b5b70','3da21e26-b998-11f0-888e-f4b5205b5b70','12ee1367-b994-11f0-888e-f4b5205b5b70',21.05050000,-101.79950000,'2025-11-04 16:06:57','NOTIF_1762272414_6266','{\"unit_name\": \"Torton 309 41BB3T\", \"unit_id\": \"27538728\", \"notification_type\": \"geofence_entry\", \"notification_id\": \"NOTIF_1762272414_6266\", \"event_time\": 1728280100, \"latitude\": 21.0505, \"longitude\": -101.7995, \"imei\": \"863719067169228\", \"altitude\": 1796.0, \"speed\": 6.2, \"course\": 270, \"address\": \"ZONA DE CARGA - PLANTA ACME, Le\\u00f3n, Gto., M\\u00e9xico\", \"pos_time\": \"2024-10-07 01:28:20\", \"driver_name\": \"PRUEBA FLOWTIFY\", \"driver_code\": \"29\", \"geofence_name\": \"PLANTA ACME - ZONA CARGA\", \"geofence_id\": \"9001\", \"max_speed\": null, \"deviation_distance_km\": null, \"last_message_time\": null}',1,'2025-11-04 16:06:56'),('67c47bcb-2629-4bb7-b40c-43ac2506815e','geofence_entry','1c27e6ab-b90c-11f0-b55b-f4b5205b5b70','724b3483-b90c-11f0-b55b-f4b5205b5b70','05804a56-b904-11f0-9393-f4b5205b5b70',21.12340000,-101.67890000,'0000-00-00 00:00:00','TEST_NOTIF_1762212357_e59e6619','{\"unit_name\": \"TEST Unit 001\", \"unit_id\": \"12345\", \"notification_type\": \"geofence_entry\", \"notification_id\": \"TEST_NOTIF_1762212357_e59e6619\", \"event_time\": 1762212357, \"latitude\": 21.1234, \"longitude\": -101.6789, \"imei\": \"123456789012345\", \"altitude\": null, \"speed\": 0.0, \"course\": null, \"address\": \"Test Address\", \"pos_time\": null, \"driver_name\": null, \"driver_code\": null, \"geofence_name\": \"TEST Zona de Carga\", \"geofence_id\": \"geo_101\", \"max_speed\": null, \"deviation_distance_km\": null, \"last_message_time\": null}',0,'2025-11-03 23:25:57'),('68b2a36f-31c9-4314-a7e5-cd8a55ca9023','geofence_entry','1c27e6ab-b90c-11f0-b55b-f4b5205b5b70','98119d25-b90c-11f0-b55b-f4b5205b5b70','05804a56-b904-11f0-9393-f4b5205b5b70',21.12340000,-101.67890000,'2025-11-03 23:27:00','TEST_NOTIF_1762212420_bf3dbcb7','{\"unit_name\": \"TEST Unit 001\", \"unit_id\": \"12345\", \"notification_type\": \"geofence_entry\", \"notification_id\": \"TEST_NOTIF_1762212420_bf3dbcb7\", \"event_time\": 1762212420, \"latitude\": 21.1234, \"longitude\": -101.6789, \"imei\": \"123456789012345\", \"altitude\": null, \"speed\": 0.0, \"course\": null, \"address\": \"Test Address\", \"pos_time\": null, \"driver_name\": null, \"driver_code\": null, \"geofence_name\": \"TEST Zona de Carga\", \"geofence_id\": \"geo_101\", \"max_speed\": null, \"deviation_distance_km\": null, \"last_message_time\": null}',1,'2025-11-03 23:27:00'),('7ebb32de-8049-43ad-93ab-fdf7b91b1cc6','geofence_entry','154deacb-b98f-11f0-888e-f4b5205b5b70','491c3649-b9b1-11f0-888e-f4b5205b5b70','12ee1367-b994-11f0-888e-f4b5205b5b70',21.05050000,-101.79950000,'2025-11-04 19:06:17','NOTIF_1762283174_5149','{\"unit_name\": \"Torton 309 41BB3T\", \"unit_id\": \"27538728\", \"notification_type\": \"geofence_entry\", \"notification_id\": \"NOTIF_1762283174_5149\", \"event_time\": 1728280100, \"latitude\": 21.0505, \"longitude\": -101.7995, \"imei\": \"863719067169228\", \"altitude\": 1796.0, \"speed\": 6.2, \"course\": 270, \"address\": \"ZONA DE CARGA - PLANTA ACME, Le\\u00f3n, Gto., M\\u00e9xico\", \"pos_time\": \"2024-10-07 01:28:20\", \"driver_name\": \"PRUEBA FLOWTIFY\", \"driver_code\": \"29\", \"geofence_name\": \"PLANTA ACME - ZONA CARGA\", \"geofence_id\": \"9001\", \"max_speed\": null, \"deviation_distance_km\": null, \"last_message_time\": null}',1,'2025-11-04 19:06:16'),('7f3c0422-2fc7-46ad-be8a-3a400e1ef60b','geofence_entry','0850d374-b90e-11f0-b55b-f4b5205b5b70','d985e6e1-b90e-11f0-b55b-f4b5205b5b70','05804a56-b904-11f0-9393-f4b5205b5b70',21.12340000,-101.67890000,'2025-11-03 23:45:07','TEST_NOTIF_1762213507_340aa91a','{\"unit_name\": \"TEST Unit 001\", \"unit_id\": \"12345\", \"notification_type\": \"geofence_entry\", \"notification_id\": \"TEST_NOTIF_1762213507_340aa91a\", \"event_time\": 1762213507, \"latitude\": 21.1234, \"longitude\": -101.6789, \"imei\": \"123456789012345\", \"altitude\": null, \"speed\": 0.0, \"course\": null, \"address\": \"Test Address\", \"pos_time\": null, \"driver_name\": null, \"driver_code\": null, \"geofence_name\": \"TEST Zona de Carga\", \"geofence_id\": \"geo_101\", \"max_speed\": null, \"deviation_distance_km\": null, \"last_message_time\": null}',1,'2025-11-03 23:45:07'),('82146924-9587-46e1-a1f7-61e8ccf2d310','geofence_entry','154deacb-b98f-11f0-888e-f4b5205b5b70','d8202a13-b9a9-11f0-888e-f4b5205b5b70','12eee068-b994-11f0-888e-f4b5205b5b70',20.67360000,-103.34440000,'2025-11-04 18:14:15','NOTIF_1762280052_3860','{\"unit_name\": \"Torton 309 41BB3T\", \"unit_id\": \"27538728\", \"notification_type\": \"geofence_entry\", \"notification_id\": \"NOTIF_1762280052_3860\", \"event_time\": 1728286530, \"latitude\": 20.6736, \"longitude\": -103.3444, \"imei\": \"863719067169228\", \"altitude\": 1566.0, \"speed\": 5.5, \"course\": 180, \"address\": \"BODEGA COPPEL JALISCO, Jalisco, M\\u00e9xico\", \"pos_time\": \"2024-10-07 03:15:30\", \"driver_name\": \"PRUEBA FLOWTIFY\", \"driver_code\": \"29\", \"geofence_name\": \"BODEGA COPPEL JALISCO\", \"geofence_id\": \"9002\", \"max_speed\": null, \"deviation_distance_km\": null, \"last_message_time\": null}',1,'2025-11-04 18:14:14'),('91725a6c-4fa4-4052-a83f-68856917e04f','geofence_entry','154deacb-b98f-11f0-888e-f4b5205b5b70','f4e62b63-b99c-11f0-888e-f4b5205b5b70','12ee1367-b994-11f0-888e-f4b5205b5b70',21.05050000,-101.79950000,'2025-11-04 16:41:12','NOTIF_1762274469_8423','{\"unit_name\": \"Torton 309 41BB3T\", \"unit_id\": \"27538728\", \"notification_type\": \"geofence_entry\", \"notification_id\": \"NOTIF_1762274469_8423\", \"event_time\": 1728280100, \"latitude\": 21.0505, \"longitude\": -101.7995, \"imei\": \"863719067169228\", \"altitude\": 1796.0, \"speed\": 6.2, \"course\": 270, \"address\": \"ZONA DE CARGA - PLANTA ACME, Le\\u00f3n, Gto., M\\u00e9xico\", \"pos_time\": \"2024-10-07 01:28:20\", \"driver_name\": \"PRUEBA FLOWTIFY\", \"driver_code\": \"29\", \"geofence_name\": \"PLANTA ACME - ZONA CARGA\", \"geofence_id\": \"9001\", \"max_speed\": null, \"deviation_distance_km\": null, \"last_message_time\": null}',1,'2025-11-04 16:41:11'),('921159c7-d88d-4961-89de-c67ddee711eb','geofence_entry','1c27e6ab-b90c-11f0-b55b-f4b5205b5b70','1c297127-b90c-11f0-b55b-f4b5205b5b70','05804a56-b904-11f0-9393-f4b5205b5b70',21.12340000,-101.67890000,'0000-00-00 00:00:00','TEST_NOTIF_1762212212_1c1ac4a6','{\"unit_name\": \"TEST Unit 001\", \"unit_id\": \"12345\", \"notification_type\": \"geofence_entry\", \"notification_id\": \"TEST_NOTIF_1762212212_1c1ac4a6\", \"event_time\": 1762212212, \"latitude\": 21.1234, \"longitude\": -101.6789, \"imei\": \"123456789012345\", \"altitude\": null, \"speed\": 0.0, \"course\": null, \"address\": \"Test Address\", \"pos_time\": null, \"driver_name\": null, \"driver_code\": null, \"geofence_name\": \"TEST Zona de Carga\", \"geofence_id\": \"geo_101\", \"max_speed\": null, \"deviation_distance_km\": null, \"last_message_time\": null}',0,'2025-11-03 23:23:33'),('9c186f00-9ecb-48cf-bf24-0bc0cc40c868','geofence_exit','154deacb-b98f-11f0-888e-f4b5205b5b70','643a2693-b9a8-11f0-888e-f4b5205b5b70','12ee1367-b994-11f0-888e-f4b5205b5b70',21.05100000,-101.79900000,'2025-11-04 18:04:28','NOTIF_1762279466_5484','{\"unit_name\": \"Torton 309 41BB3T\", \"unit_id\": \"27538728\", \"notification_type\": \"geofence_exit\", \"notification_id\": \"NOTIF_1762279466_5484\", \"event_time\": 1728280400, \"latitude\": 21.051, \"longitude\": -101.799, \"imei\": \"863719067169228\", \"altitude\": 1796.0, \"speed\": 8.4, \"course\": 90, \"address\": \"ZONA DE CARGA - PLANTA ACME, Le\\u00f3n, Gto., M\\u00e9xico\", \"pos_time\": \"2024-10-07 01:33:20\", \"driver_name\": \"PRUEBA FLOWTIFY\", \"driver_code\": \"29\", \"geofence_name\": \"PLANTA ACME - ZONA CARGA\", \"geofence_id\": \"9001\", \"max_speed\": null, \"deviation_distance_km\": null, \"last_message_time\": null}',1,'2025-11-04 18:04:28'),('a135fd39-b8f3-11f0-9393-f4b5205b5b70','geofence_entry',NULL,'d86fdcb0-c35b-40e6-98f9-a08b2598bec5',NULL,21.05050000,-101.79950000,'2025-11-03 20:28:14',NULL,'{\"unit_name\": \"Torton 309 41BB3T\", \"unit_id\": \"27538728\", \"imei\": \"863719067169228\", \"latitude\": 21.0505, \"longitude\": -101.7995, \"altitude\": 1796, \"speed\": 6.2, \"course\": 270, \"address\": \"ZONA DE CARGA - PLANTA ACME, Le\\u00f3n, Gto., M\\u00e9xico\", \"pos_time\": \"2025-11-03 14:28:14\", \"driver_name\": \"Conductor de Prueba\", \"driver_code\": \"33\", \"geofence_name\": \"PLANTA ACME - ZONA CARGA\", \"geofence_id\": \"9001\", \"notification_type\": \"geofence_entry\", \"event_time\": 1762201694}',0,'2025-11-03 20:28:14'),('ad907cd7-1169-4f35-8193-b410c6331d02','geofence_entry','1c27e6ab-b90c-11f0-b55b-f4b5205b5b70','ab8bade1-b90c-11f0-b55b-f4b5205b5b70','05804a56-b904-11f0-9393-f4b5205b5b70',21.12340000,-101.67890000,'2025-11-03 23:27:33','TEST_NOTIF_1762212453_1d5ef88f','{\"unit_name\": \"TEST Unit 001\", \"unit_id\": \"12345\", \"notification_type\": \"geofence_entry\", \"notification_id\": \"TEST_NOTIF_1762212453_1d5ef88f\", \"event_time\": 1762212453, \"latitude\": 21.1234, \"longitude\": -101.6789, \"imei\": \"123456789012345\", \"altitude\": null, \"speed\": 0.0, \"course\": null, \"address\": \"Test Address\", \"pos_time\": null, \"driver_name\": null, \"driver_code\": null, \"geofence_name\": \"TEST Zona de Carga\", \"geofence_id\": \"geo_101\", \"max_speed\": null, \"deviation_distance_km\": null, \"last_message_time\": null}',1,'2025-11-03 23:27:33'),('ae9880b6-a161-43ef-9a4e-c11118189d47','geofence_entry','154deacb-b98f-11f0-888e-f4b5205b5b70','a7d140a9-b99e-11f0-888e-f4b5205b5b70','12ee1367-b994-11f0-888e-f4b5205b5b70',21.05050000,-101.79950000,'2025-11-04 16:52:52','NOTIF_1762275169_1679','{\"unit_name\": \"Torton 309 41BB3T\", \"unit_id\": \"27538728\", \"notification_type\": \"geofence_entry\", \"notification_id\": \"NOTIF_1762275169_1679\", \"event_time\": 1728280100, \"latitude\": 21.0505, \"longitude\": -101.7995, \"imei\": \"863719067169228\", \"altitude\": 1796.0, \"speed\": 6.2, \"course\": 270, \"address\": \"ZONA DE CARGA - PLANTA ACME, Le\\u00f3n, Gto., M\\u00e9xico\", \"pos_time\": \"2024-10-07 01:28:20\", \"driver_name\": \"PRUEBA FLOWTIFY\", \"driver_code\": \"29\", \"geofence_name\": \"PLANTA ACME - ZONA CARGA\", \"geofence_id\": \"9001\", \"max_speed\": null, \"deviation_distance_km\": null, \"last_message_time\": null}',1,'2025-11-04 16:52:51'),('b9519fa1-cf9b-4625-9195-38dce9ae979c','geofence_entry','154deacb-b98f-11f0-888e-f4b5205b5b70','ae53eb28-b997-11f0-888e-f4b5205b5b70','12ee1367-b994-11f0-888e-f4b5205b5b70',21.05050000,-101.79950000,'2025-11-04 16:02:55','NOTIF_1762272172_6492','{\"unit_name\": \"Torton 309 41BB3T\", \"unit_id\": \"27538728\", \"notification_type\": \"geofence_entry\", \"notification_id\": \"NOTIF_1762272172_6492\", \"event_time\": 1728280100, \"latitude\": 21.0505, \"longitude\": -101.7995, \"imei\": \"863719067169228\", \"altitude\": 1796.0, \"speed\": 6.2, \"course\": 270, \"address\": \"ZONA DE CARGA - PLANTA ACME, Le\\u00f3n, Gto., M\\u00e9xico\", \"pos_time\": \"2024-10-07 01:28:20\", \"driver_name\": \"PRUEBA FLOWTIFY\", \"driver_code\": \"29\", \"geofence_name\": \"PLANTA ACME - ZONA CARGA\", \"geofence_id\": \"9001\", \"max_speed\": null, \"deviation_distance_km\": null, \"last_message_time\": null}',1,'2025-11-04 16:02:54'),('bbdffda2-1f84-456a-94a1-37b7182fcfe1','geofence_entry','154deacb-b98f-11f0-888e-f4b5205b5b70','643a2693-b9a8-11f0-888e-f4b5205b5b70','12eee068-b994-11f0-888e-f4b5205b5b70',20.67360000,-103.34440000,'2025-11-04 18:04:33','NOTIF_1762279471_7707','{\"unit_name\": \"Torton 309 41BB3T\", \"unit_id\": \"27538728\", \"notification_type\": \"geofence_entry\", \"notification_id\": \"NOTIF_1762279471_7707\", \"event_time\": 1728286530, \"latitude\": 20.6736, \"longitude\": -103.3444, \"imei\": \"863719067169228\", \"altitude\": 1566.0, \"speed\": 5.5, \"course\": 180, \"address\": \"BODEGA COPPEL JALISCO, Jalisco, M\\u00e9xico\", \"pos_time\": \"2024-10-07 03:15:30\", \"driver_name\": \"PRUEBA FLOWTIFY\", \"driver_code\": \"29\", \"geofence_name\": \"BODEGA COPPEL JALISCO\", \"geofence_id\": \"9002\", \"max_speed\": null, \"deviation_distance_km\": null, \"last_message_time\": null}',1,'2025-11-04 18:04:33'),('c183100b-b8f7-11f0-9393-f4b5205b5b70','geofence_entry',NULL,'85086f73-9db0-49b4-afe5-4375a6c1ec1a',NULL,21.05050000,-101.79950000,'2025-11-03 20:57:46',NULL,'{\"unit_name\": \"Torton 309 41BB3T\", \"unit_id\": \"27538728\", \"latitude\": 21.0505, \"longitude\": -101.7995, \"notification_type\": \"geofence_entry\", \"geofence_name\": \"PLANTA ACME - ZONA CARGA\", \"geofence_id\": \"9001\", \"event_time\": 1762203466}',0,'2025-11-03 20:57:46'),('c3e3b32a-b8f4-11f0-9393-f4b5205b5b70','geofence_entry',NULL,'85086f73-9db0-49b4-afe5-4375a6c1ec1a',NULL,21.05050000,-101.79950000,'2025-11-03 20:36:21',NULL,'{\"unit_name\": \"Torton 309 41BB3T\", \"unit_id\": \"27538728\", \"latitude\": 21.0505, \"longitude\": -101.7995, \"notification_type\": \"geofence_entry\", \"geofence_name\": \"PLANTA ACME - ZONA CARGA\", \"geofence_id\": \"9001\", \"event_time\": 1762202181}',0,'2025-11-03 20:36:22'),('c473c5b8-2bc5-4268-a493-57c4796a1576','geofence_entry','154deacb-b98f-11f0-888e-f4b5205b5b70','46158006-b9a2-11f0-888e-f4b5205b5b70','12ee1367-b994-11f0-888e-f4b5205b5b70',21.05050000,-101.79950000,'2025-11-04 17:18:50','NOTIF_1762276727_5279','{\"unit_name\": \"Torton 309 41BB3T\", \"unit_id\": \"27538728\", \"notification_type\": \"geofence_entry\", \"notification_id\": \"NOTIF_1762276727_5279\", \"event_time\": 1728280100, \"latitude\": 21.0505, \"longitude\": -101.7995, \"imei\": \"863719067169228\", \"altitude\": 1796.0, \"speed\": 6.2, \"course\": 270, \"address\": \"ZONA DE CARGA - PLANTA ACME, Le\\u00f3n, Gto., M\\u00e9xico\", \"pos_time\": \"2024-10-07 01:28:20\", \"driver_name\": \"PRUEBA FLOWTIFY\", \"driver_code\": \"29\", \"geofence_name\": \"PLANTA ACME - ZONA CARGA\", \"geofence_id\": \"9001\", \"max_speed\": null, \"deviation_distance_km\": null, \"last_message_time\": null}',1,'2025-11-04 17:18:49'),('c54d6863-bedb-4a5c-be9e-d0a2675d6fe6','geofence_entry','62736a9b-b90b-11f0-b55b-f4b5205b5b70','fb1e3334-b90b-11f0-b55b-f4b5205b5b70','05804a56-b904-11f0-9393-f4b5205b5b70',21.12340000,-101.67890000,'0000-00-00 00:00:00','TEST_NOTIF_1762212157_4fe7f5c1','{\"unit_name\": \"TEST Unit 001\", \"unit_id\": \"12345\", \"notification_type\": \"geofence_entry\", \"notification_id\": \"TEST_NOTIF_1762212157_4fe7f5c1\", \"event_time\": 1762212157, \"latitude\": 21.1234, \"longitude\": -101.6789, \"imei\": \"123456789012345\", \"altitude\": null, \"speed\": 0.0, \"course\": null, \"address\": \"Test Address\", \"pos_time\": null, \"driver_name\": null, \"driver_code\": null, \"geofence_name\": \"TEST Zona de Carga\", \"geofence_id\": \"geo_101\", \"max_speed\": null, \"deviation_distance_km\": null, \"last_message_time\": null}',0,'2025-11-03 23:22:37'),('cb7808cf-b8f7-11f0-9393-f4b5205b5b70','geofence_exit',NULL,'9c0435b5-08b2-4139-9398-7ec11d544bbc',NULL,21.05100000,-101.79900000,'2025-11-03 20:58:03',NULL,'{\"unit_name\": \"Torton 309 41BB3T\", \"notification_type\": \"geofence_exit\", \"geofence_name\": \"PLANTA ACME - ZONA CARGA\", \"geofence_id\": \"9001\", \"latitude\": 21.051, \"longitude\": -101.799, \"event_time\": 1762203483}',0,'2025-11-03 20:58:03'),('ce7643a6-b8f7-11f0-9393-f4b5205b5b70','geofence_entry',NULL,'9c0435b5-08b2-4139-9398-7ec11d544bbc',NULL,20.67360000,-103.34440000,'2025-11-03 20:58:08',NULL,'{\"unit_name\": \"Torton 309 41BB3T\", \"notification_type\": \"geofence_entry\", \"geofence_name\": \"BODEGA CLIENTE - GDL\", \"geofence_id\": \"9002\", \"latitude\": 20.6736, \"longitude\": -103.3444, \"event_time\": 1762203488}',0,'2025-11-03 20:58:08'),('cf29a1fe-b8f4-11f0-9393-f4b5205b5b70','geofence_exit',NULL,'85086f73-9db0-49b4-afe5-4375a6c1ec1a',NULL,21.05100000,-101.79900000,'2025-11-03 20:36:40',NULL,'{\"unit_name\": \"Torton 309 41BB3T\", \"notification_type\": \"geofence_exit\", \"geofence_name\": \"PLANTA ACME - ZONA CARGA\", \"geofence_id\": \"9001\", \"latitude\": 21.051, \"longitude\": -101.799, \"event_time\": 1762202200}',0,'2025-11-03 20:36:41'),('d2540756-b8f4-11f0-9393-f4b5205b5b70','geofence_entry',NULL,'85086f73-9db0-49b4-afe5-4375a6c1ec1a',NULL,20.67360000,-103.34440000,'2025-11-03 20:36:46',NULL,'{\"unit_name\": \"Torton 309 41BB3T\", \"notification_type\": \"geofence_entry\", \"geofence_name\": \"BODEGA CLIENTE - GDL\", \"geofence_id\": \"9002\", \"latitude\": 20.6736, \"longitude\": -103.3444, \"event_time\": 1762202206}',0,'2025-11-03 20:36:46'),('e6d78ac2-2a7a-479f-9b3b-f31a595c33eb','geofence_entry','154deacb-b98f-11f0-888e-f4b5205b5b70','86877c6c-b99d-11f0-888e-f4b5205b5b70','12ee1367-b994-11f0-888e-f4b5205b5b70',21.05050000,-101.79950000,'2025-11-04 16:44:43','NOTIF_1762274680_7318','{\"unit_name\": \"Torton 309 41BB3T\", \"unit_id\": \"27538728\", \"notification_type\": \"geofence_entry\", \"notification_id\": \"NOTIF_1762274680_7318\", \"event_time\": 1728280100, \"latitude\": 21.0505, \"longitude\": -101.7995, \"imei\": \"863719067169228\", \"altitude\": 1796.0, \"speed\": 6.2, \"course\": 270, \"address\": \"ZONA DE CARGA - PLANTA ACME, Le\\u00f3n, Gto., M\\u00e9xico\", \"pos_time\": \"2024-10-07 01:28:20\", \"driver_name\": \"PRUEBA FLOWTIFY\", \"driver_code\": \"29\", \"geofence_name\": \"PLANTA ACME - ZONA CARGA\", \"geofence_id\": \"9001\", \"max_speed\": null, \"deviation_distance_km\": null, \"last_message_time\": null}',1,'2025-11-04 16:44:42'),('ea818478-d218-464d-8ec4-260698e47307','geofence_entry','154deacb-b98f-11f0-888e-f4b5205b5b70','643a2693-b9a8-11f0-888e-f4b5205b5b70','12ee1367-b994-11f0-888e-f4b5205b5b70',21.05050000,-101.79950000,'2025-11-04 18:02:34','NOTIF_1762279351_7454','{\"unit_name\": \"Torton 309 41BB3T\", \"unit_id\": \"27538728\", \"notification_type\": \"geofence_entry\", \"notification_id\": \"NOTIF_1762279351_7454\", \"event_time\": 1728280100, \"latitude\": 21.0505, \"longitude\": -101.7995, \"imei\": \"863719067169228\", \"altitude\": 1796.0, \"speed\": 6.2, \"course\": 270, \"address\": \"ZONA DE CARGA - PLANTA ACME, Le\\u00f3n, Gto., M\\u00e9xico\", \"pos_time\": \"2024-10-07 01:28:20\", \"driver_name\": \"PRUEBA FLOWTIFY\", \"driver_code\": \"29\", \"geofence_name\": \"PLANTA ACME - ZONA CARGA\", \"geofence_id\": \"9001\", \"max_speed\": null, \"deviation_distance_km\": null, \"last_message_time\": null}',1,'2025-11-04 18:02:33'),('f5b5865b-db02-4ec3-be27-8fd1118c5c59','geofence_entry','154deacb-b98f-11f0-888e-f4b5205b5b70','79701666-b9ab-11f0-888e-f4b5205b5b70','12ee1367-b994-11f0-888e-f4b5205b5b70',21.05050000,-101.79950000,'2025-11-04 18:24:41','NOTIF_1762280678_8071','{\"unit_name\": \"Torton 309 41BB3T\", \"unit_id\": \"27538728\", \"notification_type\": \"geofence_entry\", \"notification_id\": \"NOTIF_1762280678_8071\", \"event_time\": 1728280100, \"latitude\": 21.0505, \"longitude\": -101.7995, \"imei\": \"863719067169228\", \"altitude\": 1796.0, \"speed\": 6.2, \"course\": 270, \"address\": \"ZONA DE CARGA - PLANTA ACME, Le\\u00f3n, Gto., M\\u00e9xico\", \"pos_time\": \"2024-10-07 01:28:20\", \"driver_name\": \"PRUEBA FLOWTIFY\", \"driver_code\": \"29\", \"geofence_name\": \"PLANTA ACME - ZONA CARGA\", \"geofence_id\": \"9001\", \"max_speed\": null, \"deviation_distance_km\": null, \"last_message_time\": null}',1,'2025-11-04 18:24:40'),('f82c578b-cc4f-4afc-b1c9-468b70f2951f','geofence_entry','62736a9b-b90b-11f0-b55b-f4b5205b5b70','ace3d7ee-b90b-11f0-b55b-f4b5205b5b70','05804a56-b904-11f0-9393-f4b5205b5b70',21.12340000,-101.67890000,'0000-00-00 00:00:00','TEST_NOTIF_1','{\"unit_name\": \"TEST Unit 001\", \"unit_id\": \"12345\", \"notification_type\": \"geofence_entry\", \"notification_id\": \"TEST_NOTIF_1\", \"event_time\": 1762212026, \"latitude\": 21.1234, \"longitude\": -101.6789, \"imei\": \"123456789012345\", \"altitude\": null, \"speed\": 0.0, \"course\": null, \"address\": \"Test Address\", \"pos_time\": null, \"driver_name\": null, \"driver_code\": null, \"geofence_name\": \"TEST Zona de Carga\", \"geofence_id\": \"geo_101\", \"max_speed\": null, \"deviation_distance_km\": null, \"last_message_time\": null}',0,'2025-11-03 23:20:26'),('fda306f1-c113-495f-b67d-a3729b26f29c','geofence_entry','154deacb-b98f-11f0-888e-f4b5205b5b70','46158006-b9a2-11f0-888e-f4b5205b5b70','12eee068-b994-11f0-888e-f4b5205b5b70',20.67360000,-103.34440000,'2025-11-04 17:20:10','NOTIF_1762276808_9090','{\"unit_name\": \"Torton 309 41BB3T\", \"unit_id\": \"27538728\", \"notification_type\": \"geofence_entry\", \"notification_id\": \"NOTIF_1762276808_9090\", \"event_time\": 1728286530, \"latitude\": 20.6736, \"longitude\": -103.3444, \"imei\": \"863719067169228\", \"altitude\": 1566.0, \"speed\": 5.5, \"course\": 180, \"address\": \"BODEGA COPPEL JALISCO, Jalisco, M\\u00e9xico\", \"pos_time\": \"2024-10-07 03:15:30\", \"driver_name\": \"PRUEBA FLOWTIFY\", \"driver_code\": \"29\", \"geofence_name\": \"BODEGA COPPEL JALISCO\", \"geofence_id\": \"9002\", \"max_speed\": null, \"deviation_distance_km\": null, \"last_message_time\": null}',1,'2025-11-04 17:20:10'),('ff04fa8c-6d43-4ce4-ac25-e5cff19a7d28','geofence_entry','1c27e6ab-b90c-11f0-b55b-f4b5205b5b70','43afe6fc-b90c-11f0-b55b-f4b5205b5b70','05804a56-b904-11f0-9393-f4b5205b5b70',21.12340000,-101.67890000,'0000-00-00 00:00:00','TEST_NOTIF_1762212279_f9a232df','{\"unit_name\": \"TEST Unit 001\", \"unit_id\": \"12345\", \"notification_type\": \"geofence_entry\", \"notification_id\": \"TEST_NOTIF_1762212279_f9a232df\", \"event_time\": 1762212279, \"latitude\": 21.1234, \"longitude\": -101.6789, \"imei\": \"123456789012345\", \"altitude\": null, \"speed\": 0.0, \"course\": null, \"address\": \"Test Address\", \"pos_time\": null, \"driver_name\": null, \"driver_code\": null, \"geofence_name\": \"TEST Zona de Carga\", \"geofence_id\": \"geo_101\", \"max_speed\": null, \"deviation_distance_km\": null, \"last_message_time\": null}',0,'2025-11-03 23:24:39');
/*!40000 ALTER TABLE `events` ENABLE KEYS */;

--
-- Table structure for table `geofences`
--

DROP TABLE IF EXISTS `geofences`;
/*!40101 SET @saved_cs_client     = @@character_set_client */;
/*!50503 SET character_set_client = utf8mb4 */;
CREATE TABLE `geofences` (
  `id` varchar(36) NOT NULL DEFAULT uuid(),
  `floatify_geofence_id` varchar(255) NOT NULL,
  `wialon_geofence_id` varchar(255) DEFAULT NULL,
  `name` varchar(255) NOT NULL,
  `address` text DEFAULT NULL,
  `latitude` decimal(10,8) DEFAULT NULL,
  `longitude` decimal(11,8) DEFAULT NULL,
  `radius` int(11) DEFAULT 100,
  `geofence_type` varchar(50) DEFAULT 'delivery',
  `metadata` longtext CHARACTER SET utf8mb4 COLLATE utf8mb4_bin DEFAULT NULL CHECK (json_valid(`metadata`)),
  `created_at` timestamp NOT NULL DEFAULT current_timestamp(),
  `updated_at` timestamp NOT NULL DEFAULT current_timestamp() ON UPDATE current_timestamp(),
  PRIMARY KEY (`id`),
  UNIQUE KEY `floatify_geofence_id` (`floatify_geofence_id`),
  KEY `idx_floatify_geofence` (`floatify_geofence_id`),
  KEY `idx_wialon_geofence` (`wialon_geofence_id`)
) ENGINE=InnoDB DEFAULT CHARSET=utf8mb4 COLLATE=utf8mb4_unicode_ci;
/*!40101 SET character_set_client = @saved_cs_client */;

--
-- Dumping data for table `geofences`
--

/*!40000 ALTER TABLE `geofences` DISABLE KEYS */;
INSERT INTO `geofences` VALUES ('05804a56-b904-11f0-9393-f4b5205b5b70','GEO-1-057f855b-b904-11f0-9393-f4b5205b5b70','geo_101','TEST Zona de Carga',NULL,NULL,NULL,100,'circle','{\"role\": \"loading\", \"geofence_id\": \"geo_101\", \"geofence_name\": \"TEST Zona de Carga\", \"geofence_type\": \"circle\", \"order\": 1}','2025-11-03 22:25:34','2025-11-03 22:25:34'),('058154c7-b904-11f0-9393-f4b5205b5b70','GEO-2-057f855b-b904-11f0-9393-f4b5205b5b70','geo_102','TEST Zona de Descarga',NULL,NULL,NULL,100,'circle','{\"role\": \"unloading\", \"geofence_id\": \"geo_102\", \"geofence_name\": \"TEST Zona de Descarga\", \"geofence_type\": \"circle\", \"order\": 2}','2025-11-03 22:25:34','2025-11-03 22:25:34'),('08534bd9-b90e-11f0-b55b-f4b5205b5b70','GEO-1-0852b4a5-b90e-11f0-b55b-f4b5205b5b70','geo_101','TEST Zona de Carga',NULL,NULL,NULL,100,'circle','{\"role\": \"loading\", \"geofence_id\": \"geo_101\", \"geofence_name\": \"TEST Zona de Carga\", \"geofence_type\": \"circle\", \"order\": 1}','2025-11-03 23:37:16','2025-11-03 23:37:16'),('0854f3e6-b90e-11f0-b55b-f4b5205b5b70','GEO-2-0852b4a5-b90e-11f0-b55b-f4b5205b5b70','geo_102','TEST Zona de Descarga',NULL,NULL,NULL,100,'circle','{\"role\": \"unloading\", \"geofence_id\": \"geo_102\", \"geofence_name\": \"TEST Zona de Descarga\", \"geofence_type\": \"circle\", \"order\": 2}','2025-11-03 23:37:16','2025-11-03 23:37:16'),('0eabd3dc-b906-11f0-9393-f4b5205b5b70','GEO-1-0eab7a88-b906-11f0-9393-f4b5205b5b70','geo_101','TEST Zona de Carga',NULL,NULL,NULL,100,'circle','{\"role\": \"loading\", \"geofence_id\": \"geo_101\", \"geofence_name\": \"TEST Zona de Carga\", \"geofence_type\": \"circle\", \"order\": 1}','2025-11-03 22:40:09','2025-11-03 22:40:09'),('0ead1857-b906-11f0-9393-f4b5205b5b70','GEO-2-0eab7a88-b906-11f0-9393-f4b5205b5b70','geo_102','TEST Zona de Descarga',NULL,NULL,NULL,100,'circle','{\"role\": \"unloading\", \"geofence_id\": \"geo_102\", \"geofence_name\": \"TEST Zona de Descarga\", \"geofence_type\": \"circle\", \"order\": 2}','2025-11-03 22:40:09','2025-11-03 22:40:09'),('10269ec1-b903-11f0-9393-f4b5205b5b70','GEO-1-102644a0-b903-11f0-9393-f4b5205b5b70','geo_101','TEST Zona de Carga',NULL,NULL,NULL,100,'circle','{\"role\": \"loading\", \"geofence_id\": \"geo_101\", \"geofence_name\": \"TEST Zona de Carga\", \"geofence_type\": \"circle\", \"order\": 1}','2025-11-03 22:18:43','2025-11-03 22:18:43'),('10274d96-b903-11f0-9393-f4b5205b5b70','GEO-2-102644a0-b903-11f0-9393-f4b5205b5b70','geo_102','TEST Zona de Descarga',NULL,NULL,NULL,100,'circle','{\"role\": \"unloading\", \"geofence_id\": \"geo_102\", \"geofence_name\": \"TEST Zona de Descarga\", \"geofence_type\": \"circle\", \"order\": 2}','2025-11-03 22:18:43','2025-11-03 22:18:43'),('12ed635d-b994-11f0-888e-f4b5205b5b70','GEO-1-12ed1489-b994-11f0-888e-f4b5205b5b70','685','PATIO TTU',NULL,NULL,NULL,100,'circle','{\"role\": \"origin\", \"geofence_id\": \"685\", \"geofence_name\": \"PATIO TTU\", \"geofence_type\": \"circle\", \"order\": 0}','2025-11-04 15:36:47','2025-11-04 15:36:47'),('12ee1367-b994-11f0-888e-f4b5205b5b70','GEO-2-12ed1489-b994-11f0-888e-f4b5205b5b70','9001','CEDIS COPPEL LEON',NULL,NULL,NULL,100,'polygon','{\"role\": \"loading\", \"geofence_id\": \"9001\", \"geofence_name\": \"CEDIS COPPEL LEON\", \"geofence_type\": \"polygon\", \"order\": 1}','2025-11-04 15:36:47','2025-11-04 15:36:47'),('12eee068-b994-11f0-888e-f4b5205b5b70','GEO-3-12ed1489-b994-11f0-888e-f4b5205b5b70','9002','BODEGA COPPEL JALISCO',NULL,NULL,NULL,100,'polygon','{\"role\": \"unloading\", \"geofence_id\": \"9002\", \"geofence_name\": \"BODEGA COPPEL JALISCO\", \"geofence_type\": \"polygon\", \"order\": 2}','2025-11-04 15:36:47','2025-11-04 15:36:47'),('1554571d-b98f-11f0-888e-f4b5205b5b70','GEO-1-15526a7c-b98f-11f0-888e-f4b5205b5b70','685','PATIO TTU',NULL,NULL,NULL,100,'circle','{\"role\": \"origin\", \"geofence_id\": \"685\", \"geofence_name\": \"PATIO TTU\", \"geofence_type\": \"circle\", \"order\": 0}','2025-11-04 15:01:03','2025-11-04 15:01:03'),('15556647-b98f-11f0-888e-f4b5205b5b70','GEO-2-15526a7c-b98f-11f0-888e-f4b5205b5b70','9001','CEDIS COPPEL LEON',NULL,NULL,NULL,100,'polygon','{\"role\": \"loading\", \"geofence_id\": \"9001\", \"geofence_name\": \"CEDIS COPPEL LEON\", \"geofence_type\": \"polygon\", \"order\": 0}','2025-11-04 15:01:03','2025-11-04 15:01:03'),('15565d35-b98f-11f0-888e-f4b5205b5b70','GEO-3-15526a7c-b98f-11f0-888e-f4b5205b5b70','9002','BODEGA COPPEL JALISCO',NULL,NULL,NULL,100,'polygon','{\"role\": \"unloading\", \"geofence_id\": \"9002\", \"geofence_name\": \"BODEGA COPPEL JALISCO\", \"geofence_type\": \"polygon\", \"order\": 0}','2025-11-04 15:01:03','2025-11-04 15:01:03'),('1756ce5c-b991-11f0-888e-f4b5205b5b70','GEO-1-17561849-b991-11f0-888e-f4b5205b5b70','685','PATIO TTU',NULL,NULL,NULL,100,'circle','{\"role\": \"origin\", \"geofence_id\": \"685\", \"geofence_name\": \"PATIO TTU\", \"geofence_type\": \"circle\", \"order\": 0}','2025-11-04 15:15:26','2025-11-04 15:15:26'),('17579621-b991-11f0-888e-f4b5205b5b70','GEO-2-17561849-b991-11f0-888e-f4b5205b5b70','9001','CEDIS COPPEL LEON',NULL,NULL,NULL,100,'polygon','{\"role\": \"loading\", \"geofence_id\": \"9001\", \"geofence_name\": \"CEDIS COPPEL LEON\", \"geofence_type\": \"polygon\", \"order\": 1}','2025-11-04 15:15:26','2025-11-04 15:15:26'),('175838ea-b991-11f0-888e-f4b5205b5b70','GEO-3-17561849-b991-11f0-888e-f4b5205b5b70','9002','BODEGA COPPEL JALISCO',NULL,NULL,NULL,100,'polygon','{\"role\": \"unloading\", \"geofence_id\": \"9002\", \"geofence_name\": \"BODEGA COPPEL JALISCO\", \"geofence_type\": \"polygon\", \"order\": 2}','2025-11-04 15:15:26','2025-11-04 15:15:26'),('182bfc8f-b906-11f0-9393-f4b5205b5b70','GEO-1-182b7c27-b906-11f0-9393-f4b5205b5b70','geo_101','TEST Zona de Carga',NULL,NULL,NULL,100,'circle','{\"role\": \"loading\", \"geofence_id\": \"geo_101\", \"geofence_name\": \"TEST Zona de Carga\", \"geofence_type\": \"circle\", \"order\": 1}','2025-11-03 22:40:25','2025-11-03 22:40:25'),('182cdcb2-b906-11f0-9393-f4b5205b5b70','GEO-2-182b7c27-b906-11f0-9393-f4b5205b5b70','geo_102','TEST Zona de Descarga',NULL,NULL,NULL,100,'circle','{\"role\": \"unloading\", \"geofence_id\": \"geo_102\", \"geofence_name\": \"TEST Zona de Descarga\", \"geofence_type\": \"circle\", \"order\": 2}','2025-11-03 22:40:25','2025-11-03 22:40:25'),('1c29bd8e-b90c-11f0-b55b-f4b5205b5b70','GEO-1-1c297127-b90c-11f0-b55b-f4b5205b5b70','geo_101','TEST Zona de Carga',NULL,NULL,NULL,100,'circle','{\"role\": \"loading\", \"geofence_id\": \"geo_101\", \"geofence_name\": \"TEST Zona de Carga\", \"geofence_type\": \"circle\", \"order\": 1}','2025-11-03 23:23:31','2025-11-03 23:23:31'),('1c2aca98-b90c-11f0-b55b-f4b5205b5b70','GEO-2-1c297127-b90c-11f0-b55b-f4b5205b5b70','geo_102','TEST Zona de Descarga',NULL,NULL,NULL,100,'circle','{\"role\": \"unloading\", \"geofence_id\": \"geo_102\", \"geofence_name\": \"TEST Zona de Descarga\", \"geofence_type\": \"circle\", \"order\": 2}','2025-11-03 23:23:31','2025-11-03 23:23:31'),('1ceb6bb8-b90e-11f0-b55b-f4b5205b5b70','GEO-1-1cea874c-b90e-11f0-b55b-f4b5205b5b70','geo_101','TEST Zona de Carga',NULL,NULL,NULL,100,'circle','{\"role\": \"loading\", \"geofence_id\": \"geo_101\", \"geofence_name\": \"TEST Zona de Carga\", \"geofence_type\": \"circle\", \"order\": 1}','2025-11-03 23:37:51','2025-11-03 23:37:51'),('1cec92f5-b90e-11f0-b55b-f4b5205b5b70','GEO-2-1cea874c-b90e-11f0-b55b-f4b5205b5b70','geo_102','TEST Zona de Descarga',NULL,NULL,NULL,100,'circle','{\"role\": \"unloading\", \"geofence_id\": \"geo_102\", \"geofence_name\": \"TEST Zona de Descarga\", \"geofence_type\": \"circle\", \"order\": 2}','2025-11-03 23:37:51','2025-11-03 23:37:51'),('2d949e55-b90e-11f0-b55b-f4b5205b5b70','GEO-1-2d9425cc-b90e-11f0-b55b-f4b5205b5b70','geo_101','TEST Zona de Carga',NULL,NULL,NULL,100,'circle','{\"role\": \"loading\", \"geofence_id\": \"geo_101\", \"geofence_name\": \"TEST Zona de Carga\", \"geofence_type\": \"circle\", \"order\": 1}','2025-11-03 23:38:19','2025-11-03 23:38:19'),('2d954662-b90e-11f0-b55b-f4b5205b5b70','GEO-2-2d9425cc-b90e-11f0-b55b-f4b5205b5b70','geo_102','TEST Zona de Descarga',NULL,NULL,NULL,100,'circle','{\"role\": \"unloading\", \"geofence_id\": \"geo_102\", \"geofence_name\": \"TEST Zona de Descarga\", \"geofence_type\": \"circle\", \"order\": 2}','2025-11-03 23:38:19','2025-11-03 23:38:19'),('2da51f04-b906-11f0-9393-f4b5205b5b70','GEO-1-2da4b3fd-b906-11f0-9393-f4b5205b5b70','geo_101','TEST Zona de Carga',NULL,NULL,NULL,100,'circle','{\"role\": \"loading\", \"geofence_id\": \"geo_101\", \"geofence_name\": \"TEST Zona de Carga\", \"geofence_type\": \"circle\", \"order\": 1}','2025-11-03 22:41:01','2025-11-03 22:41:01'),('2da60a36-b906-11f0-9393-f4b5205b5b70','GEO-2-2da4b3fd-b906-11f0-9393-f4b5205b5b70','geo_102','TEST Zona de Descarga',NULL,NULL,NULL,100,'circle','{\"role\": \"unloading\", \"geofence_id\": \"geo_102\", \"geofence_name\": \"TEST Zona de Descarga\", \"geofence_type\": \"circle\", \"order\": 2}','2025-11-03 22:41:01','2025-11-03 22:41:01'),('3da316cf-b998-11f0-888e-f4b5205b5b70','GEO-1-3da21e26-b998-11f0-888e-f4b5205b5b70','685','PATIO TTU',NULL,NULL,NULL,100,'circle','{\"role\": \"origin\", \"geofence_id\": \"685\", \"geofence_name\": \"PATIO TTU\", \"geofence_type\": \"circle\", \"order\": 0}','2025-11-04 16:06:36','2025-11-04 16:06:36'),('3da3ecd1-b998-11f0-888e-f4b5205b5b70','GEO-2-3da21e26-b998-11f0-888e-f4b5205b5b70','9001','CEDIS COPPEL LEON',NULL,NULL,NULL,100,'polygon','{\"role\": \"loading\", \"geofence_id\": \"9001\", \"geofence_name\": \"CEDIS COPPEL LEON\", \"geofence_type\": \"polygon\", \"order\": 1}','2025-11-04 16:06:36','2025-11-04 16:06:36'),('3da50916-b998-11f0-888e-f4b5205b5b70','GEO-3-3da21e26-b998-11f0-888e-f4b5205b5b70','9002','BODEGA COPPEL JALISCO',NULL,NULL,NULL,100,'polygon','{\"role\": \"unloading\", \"geofence_id\": \"9002\", \"geofence_name\": \"BODEGA COPPEL JALISCO\", \"geofence_type\": \"polygon\", \"order\": 2}','2025-11-04 16:06:36','2025-11-04 16:06:36'),('435e1ba7-b906-11f0-9393-f4b5205b5b70','GEO-1-435dd388-b906-11f0-9393-f4b5205b5b70','geo_101','TEST Zona de Carga',NULL,NULL,NULL,100,'circle','{\"role\": \"loading\", \"geofence_id\": \"geo_101\", \"geofence_name\": \"TEST Zona de Carga\", \"geofence_type\": \"circle\", \"order\": 1}','2025-11-03 22:41:37','2025-11-03 22:41:37'),('435eb47e-b906-11f0-9393-f4b5205b5b70','GEO-2-435dd388-b906-11f0-9393-f4b5205b5b70','geo_102','TEST Zona de Descarga',NULL,NULL,NULL,100,'circle','{\"role\": \"unloading\", \"geofence_id\": \"geo_102\", \"geofence_name\": \"TEST Zona de Descarga\", \"geofence_type\": \"circle\", \"order\": 2}','2025-11-03 22:41:37','2025-11-03 22:41:37'),('43b05ffb-b90c-11f0-b55b-f4b5205b5b70','GEO-1-43afe6fc-b90c-11f0-b55b-f4b5205b5b70','geo_101','TEST Zona de Carga',NULL,NULL,NULL,100,'circle','{\"role\": \"loading\", \"geofence_id\": \"geo_101\", \"geofence_name\": \"TEST Zona de Carga\", \"geofence_type\": \"circle\", \"order\": 1}','2025-11-03 23:24:37','2025-11-03 23:24:37'),('43b176e8-b90c-11f0-b55b-f4b5205b5b70','GEO-2-43afe6fc-b90c-11f0-b55b-f4b5205b5b70','geo_102','TEST Zona de Descarga',NULL,NULL,NULL,100,'circle','{\"role\": \"unloading\", \"geofence_id\": \"geo_102\", \"geofence_name\": \"TEST Zona de Descarga\", \"geofence_type\": \"circle\", \"order\": 2}','2025-11-03 23:24:37','2025-11-03 23:24:37'),('4616d1d8-b9a2-11f0-888e-f4b5205b5b70','GEO-1-46158006-b9a2-11f0-888e-f4b5205b5b70','685','PATIO TTU',NULL,NULL,NULL,100,'circle','{\"role\": \"origin\", \"geofence_id\": \"685\", \"geofence_name\": \"PATIO TTU\", \"geofence_type\": \"circle\", \"order\": 0}','2025-11-04 17:18:26','2025-11-04 17:18:26'),('46186463-b9a2-11f0-888e-f4b5205b5b70','GEO-2-46158006-b9a2-11f0-888e-f4b5205b5b70','9001','CEDIS COPPEL LEON',NULL,NULL,NULL,100,'polygon','{\"role\": \"loading\", \"geofence_id\": \"9001\", \"geofence_name\": \"CEDIS COPPEL LEON\", \"geofence_type\": \"polygon\", \"order\": 1}','2025-11-04 17:18:26','2025-11-04 17:18:26'),('4619242e-b9a2-11f0-888e-f4b5205b5b70','GEO-3-46158006-b9a2-11f0-888e-f4b5205b5b70','9002','BODEGA COPPEL JALISCO',NULL,NULL,NULL,100,'polygon','{\"role\": \"unloading\", \"geofence_id\": \"9002\", \"geofence_name\": \"BODEGA COPPEL JALISCO\", \"geofence_type\": \"polygon\", \"order\": 2}','2025-11-04 17:18:26','2025-11-04 17:18:26'),('46287b12-b903-11f0-9393-f4b5205b5b70','GEO-1-46280431-b903-11f0-9393-f4b5205b5b70','geo_101','TEST Zona de Carga',NULL,NULL,NULL,100,'circle','{\"role\": \"loading\", \"geofence_id\": \"geo_101\", \"geofence_name\": \"TEST Zona de Carga\", \"geofence_type\": \"circle\", \"order\": 1}','2025-11-03 22:20:13','2025-11-03 22:20:13'),('462915c8-b903-11f0-9393-f4b5205b5b70','GEO-2-46280431-b903-11f0-9393-f4b5205b5b70','geo_102','TEST Zona de Descarga',NULL,NULL,NULL,100,'circle','{\"role\": \"unloading\", \"geofence_id\": \"geo_102\", \"geofence_name\": \"TEST Zona de Descarga\", \"geofence_type\": \"circle\", \"order\": 2}','2025-11-03 22:20:13','2025-11-03 22:20:13'),('491d3a8e-b9b1-11f0-888e-f4b5205b5b70','GEO-1-491c3649-b9b1-11f0-888e-f4b5205b5b70','685','PATIO TTU',NULL,NULL,NULL,100,'circle','{\"role\": \"origin\", \"geofence_id\": \"685\", \"geofence_name\": \"PATIO TTU\", \"geofence_type\": \"circle\", \"order\": 0}','2025-11-04 19:05:53','2025-11-04 19:05:53'),('491ec840-b9b1-11f0-888e-f4b5205b5b70','GEO-2-491c3649-b9b1-11f0-888e-f4b5205b5b70','9001','CEDIS COPPEL LEON',NULL,NULL,NULL,100,'polygon','{\"role\": \"loading\", \"geofence_id\": \"9001\", \"geofence_name\": \"CEDIS COPPEL LEON\", \"geofence_type\": \"polygon\", \"order\": 1}','2025-11-04 19:05:53','2025-11-04 19:05:53'),('49207165-b9b1-11f0-888e-f4b5205b5b70','GEO-3-491c3649-b9b1-11f0-888e-f4b5205b5b70','9002','BODEGA COPPEL JALISCO',NULL,NULL,NULL,100,'polygon','{\"role\": \"unloading\", \"geofence_id\": \"9002\", \"geofence_name\": \"BODEGA COPPEL JALISCO\", \"geofence_type\": \"polygon\", \"order\": 2}','2025-11-04 19:05:53','2025-11-04 19:05:53'),('4b5eeaa3-b90e-11f0-b55b-f4b5205b5b70','GEO-1-4b5e72f4-b90e-11f0-b55b-f4b5205b5b70','geo_101','TEST Zona de Carga',NULL,NULL,NULL,100,'circle','{\"role\": \"loading\", \"geofence_id\": \"geo_101\", \"geofence_name\": \"TEST Zona de Carga\", \"geofence_type\": \"circle\", \"order\": 1}','2025-11-03 23:39:09','2025-11-03 23:39:09'),('4b5feec3-b90e-11f0-b55b-f4b5205b5b70','GEO-2-4b5e72f4-b90e-11f0-b55b-f4b5205b5b70','geo_102','TEST Zona de Descarga',NULL,NULL,NULL,100,'circle','{\"role\": \"unloading\", \"geofence_id\": \"geo_102\", \"geofence_name\": \"TEST Zona de Descarga\", \"geofence_type\": \"circle\", \"order\": 2}','2025-11-03 23:39:09','2025-11-03 23:39:09'),('4caf7926-b992-11f0-888e-f4b5205b5b70','GEO-1-4caf1dd9-b992-11f0-888e-f4b5205b5b70','685','PATIO TTU',NULL,NULL,NULL,100,'circle','{\"role\": \"origin\", \"geofence_id\": \"685\", \"geofence_name\": \"PATIO TTU\", \"geofence_type\": \"circle\", \"order\": 0}','2025-11-04 15:24:05','2025-11-04 15:24:05'),('4cb033bb-b992-11f0-888e-f4b5205b5b70','GEO-2-4caf1dd9-b992-11f0-888e-f4b5205b5b70','9001','CEDIS COPPEL LEON',NULL,NULL,NULL,100,'polygon','{\"role\": \"loading\", \"geofence_id\": \"9001\", \"geofence_name\": \"CEDIS COPPEL LEON\", \"geofence_type\": \"polygon\", \"order\": 1}','2025-11-04 15:24:05','2025-11-04 15:24:05'),('4cb0e946-b992-11f0-888e-f4b5205b5b70','GEO-3-4caf1dd9-b992-11f0-888e-f4b5205b5b70','9002','BODEGA COPPEL JALISCO',NULL,NULL,NULL,100,'polygon','{\"role\": \"unloading\", \"geofence_id\": \"9002\", \"geofence_name\": \"BODEGA COPPEL JALISCO\", \"geofence_type\": \"polygon\", \"order\": 2}','2025-11-04 15:24:05','2025-11-04 15:24:05'),('4f3a539c-b990-11f0-888e-f4b5205b5b70','GEO-1-4f39c1a4-b990-11f0-888e-f4b5205b5b70','685','PATIO TTU',NULL,NULL,NULL,100,'circle','{\"role\": \"origin\", \"geofence_id\": \"685\", \"geofence_name\": \"PATIO TTU\", \"geofence_type\": \"circle\", \"order\": 0}','2025-11-04 15:09:50','2025-11-04 15:09:50'),('4f3b2ae9-b990-11f0-888e-f4b5205b5b70','GEO-2-4f39c1a4-b990-11f0-888e-f4b5205b5b70','9001','CEDIS COPPEL LEON',NULL,NULL,NULL,100,'polygon','{\"role\": \"loading\", \"geofence_id\": \"9001\", \"geofence_name\": \"CEDIS COPPEL LEON\", \"geofence_type\": \"polygon\", \"order\": 1}','2025-11-04 15:09:50','2025-11-04 15:09:50'),('4f3c4d96-b990-11f0-888e-f4b5205b5b70','GEO-3-4f39c1a4-b990-11f0-888e-f4b5205b5b70','9002','BODEGA COPPEL JALISCO',NULL,NULL,NULL,100,'polygon','{\"role\": \"unloading\", \"geofence_id\": \"9002\", \"geofence_name\": \"BODEGA COPPEL JALISCO\", \"geofence_type\": \"polygon\", \"order\": 2}','2025-11-04 15:09:50','2025-11-04 15:09:50'),('5369b999-b996-11f0-888e-f4b5205b5b70','GEO-1-536937fd-b996-11f0-888e-f4b5205b5b70','685','PATIO TTU',NULL,NULL,NULL,100,'circle','{\"role\": \"origin\", \"geofence_id\": \"685\", \"geofence_name\": \"PATIO TTU\", \"geofence_type\": \"circle\", \"order\": 0}','2025-11-04 15:52:54','2025-11-04 15:52:54'),('536a5a11-b996-11f0-888e-f4b5205b5b70','GEO-2-536937fd-b996-11f0-888e-f4b5205b5b70','9001','CEDIS COPPEL LEON',NULL,NULL,NULL,100,'polygon','{\"role\": \"loading\", \"geofence_id\": \"9001\", \"geofence_name\": \"CEDIS COPPEL LEON\", \"geofence_type\": \"polygon\", \"order\": 1}','2025-11-04 15:52:54','2025-11-04 15:52:54'),('536af53f-b996-11f0-888e-f4b5205b5b70','GEO-3-536937fd-b996-11f0-888e-f4b5205b5b70','9002','BODEGA COPPEL JALISCO',NULL,NULL,NULL,100,'polygon','{\"role\": \"unloading\", \"geofence_id\": \"9002\", \"geofence_name\": \"BODEGA COPPEL JALISCO\", \"geofence_type\": \"polygon\", \"order\": 2}','2025-11-04 15:52:54','2025-11-04 15:52:54'),('5e1406ee-b90c-11f0-b55b-f4b5205b5b70','GEO-1-5e138023-b90c-11f0-b55b-f4b5205b5b70','geo_101','TEST Zona de Carga',NULL,NULL,NULL,100,'circle','{\"role\": \"loading\", \"geofence_id\": \"geo_101\", \"geofence_name\": \"TEST Zona de Carga\", \"geofence_type\": \"circle\", \"order\": 1}','2025-11-03 23:25:21','2025-11-03 23:25:21'),('5e14e7bb-b90c-11f0-b55b-f4b5205b5b70','GEO-2-5e138023-b90c-11f0-b55b-f4b5205b5b70','geo_102','TEST Zona de Descarga',NULL,NULL,NULL,100,'circle','{\"role\": \"unloading\", \"geofence_id\": \"geo_102\", \"geofence_name\": \"TEST Zona de Descarga\", \"geofence_type\": \"circle\", \"order\": 2}','2025-11-03 23:25:21','2025-11-03 23:25:21'),('62203d26-b906-11f0-9393-f4b5205b5b70','GEO-1-621ff02b-b906-11f0-9393-f4b5205b5b70','geo_101','TEST Zona de Carga',NULL,NULL,NULL,100,'circle','{\"role\": \"loading\", \"geofence_id\": \"geo_101\", \"geofence_name\": \"TEST Zona de Carga\", \"geofence_type\": \"circle\", \"order\": 1}','2025-11-03 22:42:29','2025-11-03 22:42:29'),('6220c824-b906-11f0-9393-f4b5205b5b70','GEO-2-621ff02b-b906-11f0-9393-f4b5205b5b70','geo_102','TEST Zona de Descarga',NULL,NULL,NULL,100,'circle','{\"role\": \"unloading\", \"geofence_id\": \"geo_102\", \"geofence_name\": \"TEST Zona de Descarga\", \"geofence_type\": \"circle\", \"order\": 2}','2025-11-03 22:42:29','2025-11-03 22:42:29'),('627593d8-b90b-11f0-b55b-f4b5205b5b70','GEO-1-627509ff-b90b-11f0-b55b-f4b5205b5b70','geo_101','TEST Zona de Carga',NULL,NULL,NULL,100,'circle','{\"role\": \"loading\", \"geofence_id\": \"geo_101\", \"geofence_name\": \"TEST Zona de Carga\", \"geofence_type\": \"circle\", \"order\": 1}','2025-11-03 23:18:19','2025-11-03 23:18:19'),('627643fe-b90b-11f0-b55b-f4b5205b5b70','GEO-2-627509ff-b90b-11f0-b55b-f4b5205b5b70','geo_102','TEST Zona de Descarga',NULL,NULL,NULL,100,'circle','{\"role\": \"unloading\", \"geofence_id\": \"geo_102\", \"geofence_name\": \"TEST Zona de Descarga\", \"geofence_type\": \"circle\", \"order\": 2}','2025-11-03 23:18:19','2025-11-03 23:18:19'),('6417fe17-b90d-11f0-b55b-f4b5205b5b70','GEO-1-6417ac08-b90d-11f0-b55b-f4b5205b5b70','geo_101','TEST Zona de Carga',NULL,NULL,NULL,100,'circle','{\"role\": \"loading\", \"geofence_id\": \"geo_101\", \"geofence_name\": \"TEST Zona de Carga\", \"geofence_type\": \"circle\", \"order\": 1}','2025-11-03 23:32:41','2025-11-03 23:32:41'),('6418973c-b90d-11f0-b55b-f4b5205b5b70','GEO-2-6417ac08-b90d-11f0-b55b-f4b5205b5b70','geo_102','TEST Zona de Descarga',NULL,NULL,NULL,100,'circle','{\"role\": \"unloading\", \"geofence_id\": \"geo_102\", \"geofence_name\": \"TEST Zona de Descarga\", \"geofence_type\": \"circle\", \"order\": 2}','2025-11-03 23:32:41','2025-11-03 23:32:41'),('643c2c24-b9a8-11f0-888e-f4b5205b5b70','GEO-1-643a2693-b9a8-11f0-888e-f4b5205b5b70','685','PATIO TTU',NULL,NULL,NULL,100,'circle','{\"role\": \"origin\", \"geofence_id\": \"685\", \"geofence_name\": \"PATIO TTU\", \"geofence_type\": \"circle\", \"order\": 0}','2025-11-04 18:02:13','2025-11-04 18:02:13'),('643d1ac2-b9a8-11f0-888e-f4b5205b5b70','GEO-2-643a2693-b9a8-11f0-888e-f4b5205b5b70','9001','CEDIS COPPEL LEON',NULL,NULL,NULL,100,'polygon','{\"role\": \"loading\", \"geofence_id\": \"9001\", \"geofence_name\": \"CEDIS COPPEL LEON\", \"geofence_type\": \"polygon\", \"order\": 1}','2025-11-04 18:02:13','2025-11-04 18:02:13'),('643e3308-b9a8-11f0-888e-f4b5205b5b70','GEO-3-643a2693-b9a8-11f0-888e-f4b5205b5b70','9002','BODEGA COPPEL JALISCO',NULL,NULL,NULL,100,'polygon','{\"role\": \"unloading\", \"geofence_id\": \"9002\", \"geofence_name\": \"BODEGA COPPEL JALISCO\", \"geofence_type\": \"polygon\", \"order\": 2}','2025-11-04 18:02:13','2025-11-04 18:02:13'),('6e0125b5-b98e-11f0-888e-f4b5205b5b70','GEO-1-6e002be8-b98e-11f0-888e-f4b5205b5b70','685','PATIO TTU',NULL,NULL,NULL,100,'circle','{\"role\": \"origin\", \"geofence_id\": \"685\", \"geofence_name\": \"PATIO TTU\", \"geofence_type\": \"circle\", \"order\": 0}','2025-11-04 14:56:23','2025-11-04 14:56:23'),('6e0499e4-b98e-11f0-888e-f4b5205b5b70','GEO-2-6e002be8-b98e-11f0-888e-f4b5205b5b70','9001','CEDIS COPPEL LEON',NULL,NULL,NULL,100,'polygon','{\"role\": \"loading\", \"geofence_id\": \"9001\", \"geofence_name\": \"CEDIS COPPEL LEON\", \"geofence_type\": \"polygon\", \"order\": 0}','2025-11-04 14:56:23','2025-11-04 14:56:23'),('6e05804c-b98e-11f0-888e-f4b5205b5b70','GEO-3-6e002be8-b98e-11f0-888e-f4b5205b5b70','9002','BODEGA COPPEL JALISCO',NULL,NULL,NULL,100,'polygon','{\"role\": \"unloading\", \"geofence_id\": \"9002\", \"geofence_name\": \"BODEGA COPPEL JALISCO\", \"geofence_type\": \"polygon\", \"order\": 0}','2025-11-04 14:56:23','2025-11-04 14:56:23'),('724bacf2-b90c-11f0-b55b-f4b5205b5b70','GEO-1-724b3483-b90c-11f0-b55b-f4b5205b5b70','geo_101','TEST Zona de Carga',NULL,NULL,NULL,100,'circle','{\"role\": \"loading\", \"geofence_id\": \"geo_101\", \"geofence_name\": \"TEST Zona de Carga\", \"geofence_type\": \"circle\", \"order\": 1}','2025-11-03 23:25:55','2025-11-03 23:25:55'),('724c51d6-b90c-11f0-b55b-f4b5205b5b70','GEO-2-724b3483-b90c-11f0-b55b-f4b5205b5b70','geo_102','TEST Zona de Descarga',NULL,NULL,NULL,100,'circle','{\"role\": \"unloading\", \"geofence_id\": \"geo_102\", \"geofence_name\": \"TEST Zona de Descarga\", \"geofence_type\": \"circle\", \"order\": 2}','2025-11-03 23:25:55','2025-11-03 23:25:55'),('76d9bb2c-b90b-11f0-b55b-f4b5205b5b70','GEO-1-76d94641-b90b-11f0-b55b-f4b5205b5b70','geo_101','TEST Zona de Carga',NULL,NULL,NULL,100,'circle','{\"role\": \"loading\", \"geofence_id\": \"geo_101\", \"geofence_name\": \"TEST Zona de Carga\", \"geofence_type\": \"circle\", \"order\": 1}','2025-11-03 23:18:53','2025-11-03 23:18:53'),('76dad871-b90b-11f0-b55b-f4b5205b5b70','GEO-2-76d94641-b90b-11f0-b55b-f4b5205b5b70','geo_102','TEST Zona de Descarga',NULL,NULL,NULL,100,'circle','{\"role\": \"unloading\", \"geofence_id\": \"geo_102\", \"geofence_name\": \"TEST Zona de Descarga\", \"geofence_type\": \"circle\", \"order\": 2}','2025-11-03 23:18:53','2025-11-03 23:18:53'),('797076b5-b9ab-11f0-888e-f4b5205b5b70','GEO-1-79701666-b9ab-11f0-888e-f4b5205b5b70','685','PATIO TTU',NULL,NULL,NULL,100,'circle','{\"role\": \"origin\", \"geofence_id\": \"685\", \"geofence_name\": \"PATIO TTU\", \"geofence_type\": \"circle\", \"order\": 0}','2025-11-04 18:24:17','2025-11-04 18:24:17'),('7971308f-b9ab-11f0-888e-f4b5205b5b70','GEO-2-79701666-b9ab-11f0-888e-f4b5205b5b70','9001','CEDIS COPPEL LEON',NULL,NULL,NULL,100,'polygon','{\"role\": \"loading\", \"geofence_id\": \"9001\", \"geofence_name\": \"CEDIS COPPEL LEON\", \"geofence_type\": \"polygon\", \"order\": 1}','2025-11-04 18:24:17','2025-11-04 18:24:17'),('7971e89c-b9ab-11f0-888e-f4b5205b5b70','GEO-3-79701666-b9ab-11f0-888e-f4b5205b5b70','9002','BODEGA COPPEL JALISCO',NULL,NULL,NULL,100,'polygon','{\"role\": \"unloading\", \"geofence_id\": \"9002\", \"geofence_name\": \"BODEGA COPPEL JALISCO\", \"geofence_type\": \"polygon\", \"order\": 2}','2025-11-04 18:24:17','2025-11-04 18:24:17'),('7f8fabad-b98f-11f0-888e-f4b5205b5b70','GEO-1-7f8e6b38-b98f-11f0-888e-f4b5205b5b70','685','PATIO TTU',NULL,NULL,NULL,100,'circle','{\"role\": \"origin\", \"geofence_id\": \"685\", \"geofence_name\": \"PATIO TTU\", \"geofence_type\": \"circle\", \"order\": 0}','2025-11-04 15:04:02','2025-11-04 15:04:02'),('7f90f30b-b98f-11f0-888e-f4b5205b5b70','GEO-2-7f8e6b38-b98f-11f0-888e-f4b5205b5b70','9001','CEDIS COPPEL LEON',NULL,NULL,NULL,100,'polygon','{\"role\": \"loading\", \"geofence_id\": \"9001\", \"geofence_name\": \"CEDIS COPPEL LEON\", \"geofence_type\": \"polygon\", \"order\": 1}','2025-11-04 15:04:02','2025-11-04 15:04:02'),('7f91bbdd-b98f-11f0-888e-f4b5205b5b70','GEO-3-7f8e6b38-b98f-11f0-888e-f4b5205b5b70','9002','BODEGA COPPEL JALISCO',NULL,NULL,NULL,100,'polygon','{\"role\": \"unloading\", \"geofence_id\": \"9002\", \"geofence_name\": \"BODEGA COPPEL JALISCO\", \"geofence_type\": \"polygon\", \"order\": 2}','2025-11-04 15:04:02','2025-11-04 15:04:02'),('82468ab6-b90a-11f0-b55b-f4b5205b5b70','GEO-1-8245ea85-b90a-11f0-b55b-f4b5205b5b70','geo_101','TEST Zona de Carga',NULL,NULL,NULL,100,'circle','{\"role\": \"loading\", \"geofence_id\": \"geo_101\", \"geofence_name\": \"TEST Zona de Carga\", \"geofence_type\": \"circle\", \"order\": 1}','2025-11-03 23:12:03','2025-11-03 23:12:03'),('8247e457-b90a-11f0-b55b-f4b5205b5b70','GEO-2-8245ea85-b90a-11f0-b55b-f4b5205b5b70','geo_102','TEST Zona de Descarga',NULL,NULL,NULL,100,'circle','{\"role\": \"unloading\", \"geofence_id\": \"geo_102\", \"geofence_name\": \"TEST Zona de Descarga\", \"geofence_type\": \"circle\", \"order\": 2}','2025-11-03 23:12:03','2025-11-03 23:12:03'),('857c51dc-b90c-11f0-b55b-f4b5205b5b70','GEO-1-857c0de7-b90c-11f0-b55b-f4b5205b5b70','geo_101','TEST Zona de Carga',NULL,NULL,NULL,100,'circle','{\"role\": \"loading\", \"geofence_id\": \"geo_101\", \"geofence_name\": \"TEST Zona de Carga\", \"geofence_type\": \"circle\", \"order\": 1}','2025-11-03 23:26:27','2025-11-03 23:26:27'),('857ce83b-b90c-11f0-b55b-f4b5205b5b70','GEO-2-857c0de7-b90c-11f0-b55b-f4b5205b5b70','geo_102','TEST Zona de Descarga',NULL,NULL,NULL,100,'circle','{\"role\": \"unloading\", \"geofence_id\": \"geo_102\", \"geofence_name\": \"TEST Zona de Descarga\", \"geofence_type\": \"circle\", \"order\": 2}','2025-11-03 23:26:27','2025-11-03 23:26:27'),('86880acb-b99d-11f0-888e-f4b5205b5b70','GEO-1-86877c6c-b99d-11f0-888e-f4b5205b5b70','685','PATIO TTU',NULL,NULL,NULL,100,'circle','{\"role\": \"origin\", \"geofence_id\": \"685\", \"geofence_name\": \"PATIO TTU\", \"geofence_type\": \"circle\", \"order\": 0}','2025-11-04 16:44:26','2025-11-04 16:44:26'),('8688ce45-b99d-11f0-888e-f4b5205b5b70','GEO-2-86877c6c-b99d-11f0-888e-f4b5205b5b70','9001','CEDIS COPPEL LEON',NULL,NULL,NULL,100,'polygon','{\"role\": \"loading\", \"geofence_id\": \"9001\", \"geofence_name\": \"CEDIS COPPEL LEON\", \"geofence_type\": \"polygon\", \"order\": 1}','2025-11-04 16:44:26','2025-11-04 16:44:26'),('868995f7-b99d-11f0-888e-f4b5205b5b70','GEO-3-86877c6c-b99d-11f0-888e-f4b5205b5b70','9002','BODEGA COPPEL JALISCO',NULL,NULL,NULL,100,'polygon','{\"role\": \"unloading\", \"geofence_id\": \"9002\", \"geofence_name\": \"BODEGA COPPEL JALISCO\", \"geofence_type\": \"polygon\", \"order\": 2}','2025-11-04 16:44:26','2025-11-04 16:44:26'),('8783a1a4-b907-11f0-9393-f4b5205b5b70','GEO-1-87835f2a-b907-11f0-9393-f4b5205b5b70','geo_101','TEST Zona de Carga',NULL,NULL,NULL,100,'circle','{\"role\": \"loading\", \"geofence_id\": \"geo_101\", \"geofence_name\": \"TEST Zona de Carga\", \"geofence_type\": \"circle\", \"order\": 1}','2025-11-03 22:50:41','2025-11-03 22:50:41'),('8784cfa0-b907-11f0-9393-f4b5205b5b70','GEO-2-87835f2a-b907-11f0-9393-f4b5205b5b70','geo_102','TEST Zona de Descarga',NULL,NULL,NULL,100,'circle','{\"role\": \"unloading\", \"geofence_id\": \"geo_102\", \"geofence_name\": \"TEST Zona de Descarga\", \"geofence_type\": \"circle\", \"order\": 2}','2025-11-03 22:50:41','2025-11-03 22:50:41'),('98124eeb-b90c-11f0-b55b-f4b5205b5b70','GEO-1-98119d25-b90c-11f0-b55b-f4b5205b5b70','geo_101','TEST Zona de Carga',NULL,NULL,NULL,100,'circle','{\"role\": \"loading\", \"geofence_id\": \"geo_101\", \"geofence_name\": \"TEST Zona de Carga\", \"geofence_type\": \"circle\", \"order\": 1}','2025-11-03 23:26:59','2025-11-03 23:26:59'),('98145ffb-b90c-11f0-b55b-f4b5205b5b70','GEO-2-98119d25-b90c-11f0-b55b-f4b5205b5b70','geo_102','TEST Zona de Descarga',NULL,NULL,NULL,100,'circle','{\"role\": \"unloading\", \"geofence_id\": \"geo_102\", \"geofence_name\": \"TEST Zona de Descarga\", \"geofence_type\": \"circle\", \"order\": 2}','2025-11-03 23:26:59','2025-11-03 23:26:59'),('9c6e49af-b90a-11f0-b55b-f4b5205b5b70','GEO-1-9c6dd3de-b90a-11f0-b55b-f4b5205b5b70','geo_101','TEST Zona de Carga',NULL,NULL,NULL,100,'circle','{\"role\": \"loading\", \"geofence_id\": \"geo_101\", \"geofence_name\": \"TEST Zona de Carga\", \"geofence_type\": \"circle\", \"order\": 1}','2025-11-03 23:12:47','2025-11-03 23:12:47'),('9c6f7cf7-b90a-11f0-b55b-f4b5205b5b70','GEO-2-9c6dd3de-b90a-11f0-b55b-f4b5205b5b70','geo_102','TEST Zona de Descarga',NULL,NULL,NULL,100,'circle','{\"role\": \"unloading\", \"geofence_id\": \"geo_102\", \"geofence_name\": \"TEST Zona de Descarga\", \"geofence_type\": \"circle\", \"order\": 2}','2025-11-03 23:12:47','2025-11-03 23:12:47'),('a01a4040-b999-11f0-888e-f4b5205b5b70','GEO-1-a019b809-b999-11f0-888e-f4b5205b5b70','685','PATIO TTU',NULL,NULL,NULL,100,'circle','{\"role\": \"origin\", \"geofence_id\": \"685\", \"geofence_name\": \"PATIO TTU\", \"geofence_type\": \"circle\", \"order\": 0}','2025-11-04 16:16:31','2025-11-04 16:16:31'),('a01b4205-b999-11f0-888e-f4b5205b5b70','GEO-2-a019b809-b999-11f0-888e-f4b5205b5b70','9001','CEDIS COPPEL LEON',NULL,NULL,NULL,100,'polygon','{\"role\": \"loading\", \"geofence_id\": \"9001\", \"geofence_name\": \"CEDIS COPPEL LEON\", \"geofence_type\": \"polygon\", \"order\": 1}','2025-11-04 16:16:31','2025-11-04 16:16:31'),('a01c0408-b999-11f0-888e-f4b5205b5b70','GEO-3-a019b809-b999-11f0-888e-f4b5205b5b70','9002','BODEGA COPPEL JALISCO',NULL,NULL,NULL,100,'polygon','{\"role\": \"unloading\", \"geofence_id\": \"9002\", \"geofence_name\": \"BODEGA COPPEL JALISCO\", \"geofence_type\": \"polygon\", \"order\": 2}','2025-11-04 16:16:31','2025-11-04 16:16:31'),('a206d9e2-b903-11f0-9393-f4b5205b5b70','GEO-1-a20652fc-b903-11f0-9393-f4b5205b5b70','geo_101','TEST Zona de Carga',NULL,NULL,NULL,100,'circle','{\"role\": \"loading\", \"geofence_id\": \"geo_101\", \"geofence_name\": \"TEST Zona de Carga\", \"geofence_type\": \"circle\", \"order\": 1}','2025-11-03 22:22:47','2025-11-03 22:22:47'),('a207feac-b903-11f0-9393-f4b5205b5b70','GEO-2-a20652fc-b903-11f0-9393-f4b5205b5b70','geo_102','TEST Zona de Descarga',NULL,NULL,NULL,100,'circle','{\"role\": \"unloading\", \"geofence_id\": \"geo_102\", \"geofence_name\": \"TEST Zona de Descarga\", \"geofence_type\": \"circle\", \"order\": 2}','2025-11-03 22:22:47','2025-11-03 22:22:47'),('a7d1dc16-b99e-11f0-888e-f4b5205b5b70','GEO-1-a7d140a9-b99e-11f0-888e-f4b5205b5b70','685','PATIO TTU',NULL,NULL,NULL,100,'circle','{\"role\": \"origin\", \"geofence_id\": \"685\", \"geofence_name\": \"PATIO TTU\", \"geofence_type\": \"circle\", \"order\": 0}','2025-11-04 16:52:32','2025-11-04 16:52:32'),('a7d2a057-b99e-11f0-888e-f4b5205b5b70','GEO-2-a7d140a9-b99e-11f0-888e-f4b5205b5b70','9001','CEDIS COPPEL LEON',NULL,NULL,NULL,100,'polygon','{\"role\": \"loading\", \"geofence_id\": \"9001\", \"geofence_name\": \"CEDIS COPPEL LEON\", \"geofence_type\": \"polygon\", \"order\": 1}','2025-11-04 16:52:32','2025-11-04 16:52:32'),('a7d39d5d-b99e-11f0-888e-f4b5205b5b70','GEO-3-a7d140a9-b99e-11f0-888e-f4b5205b5b70','9002','BODEGA COPPEL JALISCO',NULL,NULL,NULL,100,'polygon','{\"role\": \"unloading\", \"geofence_id\": \"9002\", \"geofence_name\": \"BODEGA COPPEL JALISCO\", \"geofence_type\": \"polygon\", \"order\": 2}','2025-11-04 16:52:32','2025-11-04 16:52:32'),('aa43346d-b991-11f0-888e-f4b5205b5b70','GEO-1-aa422c66-b991-11f0-888e-f4b5205b5b70','685','PATIO TTU',NULL,NULL,NULL,100,'circle','{\"role\": \"origin\", \"geofence_id\": \"685\", \"geofence_name\": \"PATIO TTU\", \"geofence_type\": \"circle\", \"order\": 0}','2025-11-04 15:19:32','2025-11-04 15:19:32'),('aa4468f5-b991-11f0-888e-f4b5205b5b70','GEO-2-aa422c66-b991-11f0-888e-f4b5205b5b70','9001','CEDIS COPPEL LEON',NULL,NULL,NULL,100,'polygon','{\"role\": \"loading\", \"geofence_id\": \"9001\", \"geofence_name\": \"CEDIS COPPEL LEON\", \"geofence_type\": \"polygon\", \"order\": 1}','2025-11-04 15:19:32','2025-11-04 15:19:32'),('aa452264-b991-11f0-888e-f4b5205b5b70','GEO-3-aa422c66-b991-11f0-888e-f4b5205b5b70','9002','BODEGA COPPEL JALISCO',NULL,NULL,NULL,100,'polygon','{\"role\": \"unloading\", \"geofence_id\": \"9002\", \"geofence_name\": \"BODEGA COPPEL JALISCO\", \"geofence_type\": \"polygon\", \"order\": 2}','2025-11-04 15:19:32','2025-11-04 15:19:32'),('ab8c35e3-b90c-11f0-b55b-f4b5205b5b70','GEO-1-ab8bade1-b90c-11f0-b55b-f4b5205b5b70','geo_101','TEST Zona de Carga',NULL,NULL,NULL,100,'circle','{\"role\": \"loading\", \"geofence_id\": \"geo_101\", \"geofence_name\": \"TEST Zona de Carga\", \"geofence_type\": \"circle\", \"order\": 1}','2025-11-03 23:27:31','2025-11-03 23:27:31'),('ab8cf07a-b90c-11f0-b55b-f4b5205b5b70','GEO-2-ab8bade1-b90c-11f0-b55b-f4b5205b5b70','geo_102','TEST Zona de Descarga',NULL,NULL,NULL,100,'circle','{\"role\": \"unloading\", \"geofence_id\": \"geo_102\", \"geofence_name\": \"TEST Zona de Descarga\", \"geofence_type\": \"circle\", \"order\": 2}','2025-11-03 23:27:31','2025-11-03 23:27:31'),('ace42a1e-b90b-11f0-b55b-f4b5205b5b70','GEO-1-ace3d7ee-b90b-11f0-b55b-f4b5205b5b70','geo_101','TEST Zona de Carga',NULL,NULL,NULL,100,'circle','{\"role\": \"loading\", \"geofence_id\": \"geo_101\", \"geofence_name\": \"TEST Zona de Carga\", \"geofence_type\": \"circle\", \"order\": 1}','2025-11-03 23:20:24','2025-11-03 23:20:24'),('ace4ca58-b90b-11f0-b55b-f4b5205b5b70','GEO-2-ace3d7ee-b90b-11f0-b55b-f4b5205b5b70','geo_102','TEST Zona de Descarga',NULL,NULL,NULL,100,'circle','{\"role\": \"unloading\", \"geofence_id\": \"geo_102\", \"geofence_name\": \"TEST Zona de Descarga\", \"geofence_type\": \"circle\", \"order\": 2}','2025-11-03 23:20:24','2025-11-03 23:20:24'),('ae543756-b997-11f0-888e-f4b5205b5b70','GEO-1-ae53eb28-b997-11f0-888e-f4b5205b5b70','685','PATIO TTU',NULL,NULL,NULL,100,'circle','{\"role\": \"origin\", \"geofence_id\": \"685\", \"geofence_name\": \"PATIO TTU\", \"geofence_type\": \"circle\", \"order\": 0}','2025-11-04 16:02:36','2025-11-04 16:02:36'),('ae54cccc-b997-11f0-888e-f4b5205b5b70','GEO-2-ae53eb28-b997-11f0-888e-f4b5205b5b70','9001','CEDIS COPPEL LEON',NULL,NULL,NULL,100,'polygon','{\"role\": \"loading\", \"geofence_id\": \"9001\", \"geofence_name\": \"CEDIS COPPEL LEON\", \"geofence_type\": \"polygon\", \"order\": 1}','2025-11-04 16:02:36','2025-11-04 16:02:36'),('ae55a509-b997-11f0-888e-f4b5205b5b70','GEO-3-ae53eb28-b997-11f0-888e-f4b5205b5b70','9002','BODEGA COPPEL JALISCO',NULL,NULL,NULL,100,'polygon','{\"role\": \"unloading\", \"geofence_id\": \"9002\", \"geofence_name\": \"BODEGA COPPEL JALISCO\", \"geofence_type\": \"polygon\", \"order\": 2}','2025-11-04 16:02:36','2025-11-04 16:02:36'),('bf971064-b995-11f0-888e-f4b5205b5b70','GEO-1-bf963310-b995-11f0-888e-f4b5205b5b70','685','PATIO TTU',NULL,NULL,NULL,100,'circle','{\"role\": \"origin\", \"geofence_id\": \"685\", \"geofence_name\": \"PATIO TTU\", \"geofence_type\": \"circle\", \"order\": 0}','2025-11-04 15:48:46','2025-11-04 15:48:46'),('bf983238-b995-11f0-888e-f4b5205b5b70','GEO-2-bf963310-b995-11f0-888e-f4b5205b5b70','9001','CEDIS COPPEL LEON',NULL,NULL,NULL,100,'polygon','{\"role\": \"loading\", \"geofence_id\": \"9001\", \"geofence_name\": \"CEDIS COPPEL LEON\", \"geofence_type\": \"polygon\", \"order\": 1}','2025-11-04 15:48:46','2025-11-04 15:48:46'),('bf995e0b-b995-11f0-888e-f4b5205b5b70','GEO-3-bf963310-b995-11f0-888e-f4b5205b5b70','9002','BODEGA COPPEL JALISCO',NULL,NULL,NULL,100,'polygon','{\"role\": \"unloading\", \"geofence_id\": \"9002\", \"geofence_name\": \"BODEGA COPPEL JALISCO\", \"geofence_type\": \"polygon\", \"order\": 2}','2025-11-04 15:48:46','2025-11-04 15:48:46'),('c007a696-b905-11f0-9393-f4b5205b5b70','GEO-1-c006e4dc-b905-11f0-9393-f4b5205b5b70','geo_101','TEST Zona de Carga',NULL,NULL,NULL,100,'circle','{\"role\": \"loading\", \"geofence_id\": \"geo_101\", \"geofence_name\": \"TEST Zona de Carga\", \"geofence_type\": \"circle\", \"order\": 1}','2025-11-03 22:37:57','2025-11-03 22:37:57'),('c009869e-b905-11f0-9393-f4b5205b5b70','GEO-2-c006e4dc-b905-11f0-9393-f4b5205b5b70','geo_102','TEST Zona de Descarga',NULL,NULL,NULL,100,'circle','{\"role\": \"unloading\", \"geofence_id\": \"geo_102\", \"geofence_name\": \"TEST Zona de Descarga\", \"geofence_type\": \"circle\", \"order\": 2}','2025-11-03 22:37:57','2025-11-03 22:37:57'),('c1452a7d-b902-11f0-9393-f4b5205b5b70','GEO-1-c144b159-b902-11f0-9393-f4b5205b5b70','geo_101','TEST Zona de Carga',NULL,NULL,NULL,100,'circle','{\"role\": \"loading\", \"geofence_id\": \"geo_101\", \"geofence_name\": \"TEST Zona de Carga\", \"geofence_type\": \"circle\", \"order\": 1}','2025-11-03 22:16:30','2025-11-03 22:16:30'),('cf8ffdd3-b994-11f0-888e-f4b5205b5b70','GEO-1-cf8f7c13-b994-11f0-888e-f4b5205b5b70','685','PATIO TTU',NULL,NULL,NULL,100,'circle','{\"role\": \"origin\", \"geofence_id\": \"685\", \"geofence_name\": \"PATIO TTU\", \"geofence_type\": \"circle\", \"order\": 0}','2025-11-04 15:42:03','2025-11-04 15:42:03'),('cf90b9a4-b994-11f0-888e-f4b5205b5b70','GEO-2-cf8f7c13-b994-11f0-888e-f4b5205b5b70','9001','CEDIS COPPEL LEON',NULL,NULL,NULL,100,'polygon','{\"role\": \"loading\", \"geofence_id\": \"9001\", \"geofence_name\": \"CEDIS COPPEL LEON\", \"geofence_type\": \"polygon\", \"order\": 1}','2025-11-04 15:42:03','2025-11-04 15:42:03'),('cf916102-b994-11f0-888e-f4b5205b5b70','GEO-3-cf8f7c13-b994-11f0-888e-f4b5205b5b70','9002','BODEGA COPPEL JALISCO',NULL,NULL,NULL,100,'polygon','{\"role\": \"unloading\", \"geofence_id\": \"9002\", \"geofence_name\": \"BODEGA COPPEL JALISCO\", \"geofence_type\": \"polygon\", \"order\": 2}','2025-11-04 15:42:03','2025-11-04 15:42:03'),('d5d8da49-b90b-11f0-b55b-f4b5205b5b70','GEO-1-d5d847e7-b90b-11f0-b55b-f4b5205b5b70','geo_101','TEST Zona de Carga',NULL,NULL,NULL,100,'circle','{\"role\": \"loading\", \"geofence_id\": \"geo_101\", \"geofence_name\": \"TEST Zona de Carga\", \"geofence_type\": \"circle\", \"order\": 1}','2025-11-03 23:21:33','2025-11-03 23:21:33'),('d5da1b62-b90b-11f0-b55b-f4b5205b5b70','GEO-2-d5d847e7-b90b-11f0-b55b-f4b5205b5b70','geo_102','TEST Zona de Descarga',NULL,NULL,NULL,100,'circle','{\"role\": \"unloading\", \"geofence_id\": \"geo_102\", \"geofence_name\": \"TEST Zona de Descarga\", \"geofence_type\": \"circle\", \"order\": 2}','2025-11-03 23:21:33','2025-11-03 23:21:33'),('d6b99b59-b902-11f0-9393-f4b5205b5b70','GEO-1-d6b8f0a1-b902-11f0-9393-f4b5205b5b70','geo_101','TEST Zona de Carga',NULL,NULL,NULL,100,'circle','{\"role\": \"loading\", \"geofence_id\": \"geo_101\", \"geofence_name\": \"TEST Zona de Carga\", \"geofence_type\": \"circle\", \"order\": 1}','2025-11-03 22:17:06','2025-11-03 22:17:06'),('d6bae6cd-b902-11f0-9393-f4b5205b5b70','GEO-2-d6b8f0a1-b902-11f0-9393-f4b5205b5b70','geo_102','TEST Zona de Descarga',NULL,NULL,NULL,100,'circle','{\"role\": \"unloading\", \"geofence_id\": \"geo_102\", \"geofence_name\": \"TEST Zona de Descarga\", \"geofence_type\": \"circle\", \"order\": 2}','2025-11-03 22:17:06','2025-11-03 22:17:06'),('d727da9c-b903-11f0-9393-f4b5205b5b70','GEO-1-d7275edf-b903-11f0-9393-f4b5205b5b70','geo_101','TEST Zona de Carga',NULL,NULL,NULL,100,'circle','{\"role\": \"loading\", \"geofence_id\": \"geo_101\", \"geofence_name\": \"TEST Zona de Carga\", \"geofence_type\": \"circle\", \"order\": 1}','2025-11-03 22:24:16','2025-11-03 22:24:16'),('d728c101-b903-11f0-9393-f4b5205b5b70','GEO-2-d7275edf-b903-11f0-9393-f4b5205b5b70','geo_102','TEST Zona de Descarga',NULL,NULL,NULL,100,'circle','{\"role\": \"unloading\", \"geofence_id\": \"geo_102\", \"geofence_name\": \"TEST Zona de Descarga\", \"geofence_type\": \"circle\", \"order\": 2}','2025-11-03 22:24:16','2025-11-03 22:24:16'),('d820bb61-b9a9-11f0-888e-f4b5205b5b70','GEO-1-d8202a13-b9a9-11f0-888e-f4b5205b5b70','685','PATIO TTU',NULL,NULL,NULL,100,'circle','{\"role\": \"origin\", \"geofence_id\": \"685\", \"geofence_name\": \"PATIO TTU\", \"geofence_type\": \"circle\", \"order\": 0}','2025-11-04 18:12:37','2025-11-04 18:12:37'),('d821a218-b9a9-11f0-888e-f4b5205b5b70','GEO-2-d8202a13-b9a9-11f0-888e-f4b5205b5b70','9001','CEDIS COPPEL LEON',NULL,NULL,NULL,100,'polygon','{\"role\": \"loading\", \"geofence_id\": \"9001\", \"geofence_name\": \"CEDIS COPPEL LEON\", \"geofence_type\": \"polygon\", \"order\": 1}','2025-11-04 18:12:37','2025-11-04 18:12:37'),('d8230544-b9a9-11f0-888e-f4b5205b5b70','GEO-3-d8202a13-b9a9-11f0-888e-f4b5205b5b70','9002','BODEGA COPPEL JALISCO',NULL,NULL,NULL,100,'polygon','{\"role\": \"unloading\", \"geofence_id\": \"9002\", \"geofence_name\": \"BODEGA COPPEL JALISCO\", \"geofence_type\": \"polygon\", \"order\": 2}','2025-11-04 18:12:37','2025-11-04 18:12:37'),('d986d882-b90e-11f0-b55b-f4b5205b5b70','GEO-1-d985e6e1-b90e-11f0-b55b-f4b5205b5b70','geo_101','TEST Zona de Carga',NULL,NULL,NULL,100,'circle','{\"role\": \"loading\", \"geofence_id\": \"geo_101\", \"geofence_name\": \"TEST Zona de Carga\", \"geofence_type\": \"circle\", \"order\": 1}','2025-11-03 23:43:07','2025-11-03 23:43:07'),('d9879605-b90e-11f0-b55b-f4b5205b5b70','GEO-2-d985e6e1-b90e-11f0-b55b-f4b5205b5b70','geo_102','TEST Zona de Descarga',NULL,NULL,NULL,100,'circle','{\"role\": \"unloading\", \"geofence_id\": \"geo_102\", \"geofence_name\": \"TEST Zona de Descarga\", \"geofence_type\": \"circle\", \"order\": 2}','2025-11-03 23:43:07','2025-11-03 23:43:07'),('db9c4cfa-b990-11f0-888e-f4b5205b5b70','GEO-1-db9a1ffd-b990-11f0-888e-f4b5205b5b70','685','PATIO TTU',NULL,NULL,NULL,100,'circle','{\"role\": \"origin\", \"geofence_id\": \"685\", \"geofence_name\": \"PATIO TTU\", \"geofence_type\": \"circle\", \"order\": 0}','2025-11-04 15:13:45','2025-11-04 15:13:45'),('db9d8429-b990-11f0-888e-f4b5205b5b70','GEO-2-db9a1ffd-b990-11f0-888e-f4b5205b5b70','9001','CEDIS COPPEL LEON',NULL,NULL,NULL,100,'polygon','{\"role\": \"loading\", \"geofence_id\": \"9001\", \"geofence_name\": \"CEDIS COPPEL LEON\", \"geofence_type\": \"polygon\", \"order\": 1}','2025-11-04 15:13:45','2025-11-04 15:13:45'),('db9e6e3f-b990-11f0-888e-f4b5205b5b70','GEO-3-db9a1ffd-b990-11f0-888e-f4b5205b5b70','9002','BODEGA COPPEL JALISCO',NULL,NULL,NULL,100,'polygon','{\"role\": \"unloading\", \"geofence_id\": \"9002\", \"geofence_name\": \"BODEGA COPPEL JALISCO\", \"geofence_type\": \"polygon\", \"order\": 2}','2025-11-04 15:13:45','2025-11-04 15:13:45'),('e55f1b11-b905-11f0-9393-f4b5205b5b70','GEO-1-e55e9fe4-b905-11f0-9393-f4b5205b5b70','geo_101','TEST Zona de Carga',NULL,NULL,NULL,100,'circle','{\"role\": \"loading\", \"geofence_id\": \"geo_101\", \"geofence_name\": \"TEST Zona de Carga\", \"geofence_type\": \"circle\", \"order\": 1}','2025-11-03 22:38:59','2025-11-03 22:38:59'),('e55fd7de-b905-11f0-9393-f4b5205b5b70','GEO-2-e55e9fe4-b905-11f0-9393-f4b5205b5b70','geo_102','TEST Zona de Descarga',NULL,NULL,NULL,100,'circle','{\"role\": \"unloading\", \"geofence_id\": \"geo_102\", \"geofence_name\": \"TEST Zona de Descarga\", \"geofence_type\": \"circle\", \"order\": 2}','2025-11-03 22:38:59','2025-11-03 22:38:59'),('e94239c8-b902-11f0-9393-f4b5205b5b70','GEO-1-e941bb7a-b902-11f0-9393-f4b5205b5b70','geo_101','TEST Zona de Carga',NULL,NULL,NULL,100,'circle','{\"role\": \"loading\", \"geofence_id\": \"geo_101\", \"geofence_name\": \"TEST Zona de Carga\", \"geofence_type\": \"circle\", \"order\": 1}','2025-11-03 22:17:37','2025-11-03 22:17:37'),('e942db3e-b902-11f0-9393-f4b5205b5b70','GEO-2-e941bb7a-b902-11f0-9393-f4b5205b5b70','geo_102','TEST Zona de Descarga',NULL,NULL,NULL,100,'circle','{\"role\": \"unloading\", \"geofence_id\": \"geo_102\", \"geofence_name\": \"TEST Zona de Descarga\", \"geofence_type\": \"circle\", \"order\": 2}','2025-11-03 22:17:37','2025-11-03 22:17:37'),('edbb9f22-b905-11f0-9393-f4b5205b5b70','GEO-1-edbb31b8-b905-11f0-9393-f4b5205b5b70','geo_101','TEST Zona de Carga',NULL,NULL,NULL,100,'circle','{\"role\": \"loading\", \"geofence_id\": \"geo_101\", \"geofence_name\": \"TEST Zona de Carga\", \"geofence_type\": \"circle\", \"order\": 1}','2025-11-03 22:39:13','2025-11-03 22:39:13'),('edbce158-b905-11f0-9393-f4b5205b5b70','GEO-2-edbb31b8-b905-11f0-9393-f4b5205b5b70','geo_102','TEST Zona de Descarga',NULL,NULL,NULL,100,'circle','{\"role\": \"unloading\", \"geofence_id\": \"geo_102\", \"geofence_name\": \"TEST Zona de Descarga\", \"geofence_type\": \"circle\", \"order\": 2}','2025-11-03 22:39:13','2025-11-03 22:39:13'),('f4e70a52-b99c-11f0-888e-f4b5205b5b70','GEO-1-f4e62b63-b99c-11f0-888e-f4b5205b5b70','685','PATIO TTU',NULL,NULL,NULL,100,'circle','{\"role\": \"origin\", \"geofence_id\": \"685\", \"geofence_name\": \"PATIO TTU\", \"geofence_type\": \"circle\", \"order\": 0}','2025-11-04 16:40:22','2025-11-04 16:40:22'),('f4e90a29-b99c-11f0-888e-f4b5205b5b70','GEO-2-f4e62b63-b99c-11f0-888e-f4b5205b5b70','9001','CEDIS COPPEL LEON',NULL,NULL,NULL,100,'polygon','{\"role\": \"loading\", \"geofence_id\": \"9001\", \"geofence_name\": \"CEDIS COPPEL LEON\", \"geofence_type\": \"polygon\", \"order\": 1}','2025-11-04 16:40:22','2025-11-04 16:40:22'),('f4e9ca00-b99c-11f0-888e-f4b5205b5b70','GEO-3-f4e62b63-b99c-11f0-888e-f4b5205b5b70','9002','BODEGA COPPEL JALISCO',NULL,NULL,NULL,100,'polygon','{\"role\": \"unloading\", \"geofence_id\": \"9002\", \"geofence_name\": \"BODEGA COPPEL JALISCO\", \"geofence_type\": \"polygon\", \"order\": 2}','2025-11-04 16:40:22','2025-11-04 16:40:22'),('f5e5e059-b905-11f0-9393-f4b5205b5b70','GEO-1-f5e55b20-b905-11f0-9393-f4b5205b5b70','geo_101','TEST Zona de Carga',NULL,NULL,NULL,100,'circle','{\"role\": \"loading\", \"geofence_id\": \"geo_101\", \"geofence_name\": \"TEST Zona de Carga\", \"geofence_type\": \"circle\", \"order\": 1}','2025-11-03 22:39:27','2025-11-03 22:39:27'),('f5e6f0c2-b905-11f0-9393-f4b5205b5b70','GEO-2-f5e55b20-b905-11f0-9393-f4b5205b5b70','geo_102','TEST Zona de Descarga',NULL,NULL,NULL,100,'circle','{\"role\": \"unloading\", \"geofence_id\": \"geo_102\", \"geofence_name\": \"TEST Zona de Descarga\", \"geofence_type\": \"circle\", \"order\": 2}','2025-11-03 22:39:27','2025-11-03 22:39:27'),('f6ed34b3-b98f-11f0-888e-f4b5205b5b70','GEO-1-f6ec0770-b98f-11f0-888e-f4b5205b5b70','685','PATIO TTU',NULL,NULL,NULL,100,'circle','{\"role\": \"origin\", \"geofence_id\": \"685\", \"geofence_name\": \"PATIO TTU\", \"geofence_type\": \"circle\", \"order\": 0}','2025-11-04 15:07:22','2025-11-04 15:07:22'),('f6f02348-b98f-11f0-888e-f4b5205b5b70','GEO-2-f6ec0770-b98f-11f0-888e-f4b5205b5b70','9001','CEDIS COPPEL LEON',NULL,NULL,NULL,100,'polygon','{\"role\": \"loading\", \"geofence_id\": \"9001\", \"geofence_name\": \"CEDIS COPPEL LEON\", \"geofence_type\": \"polygon\", \"order\": 1}','2025-11-04 15:07:22','2025-11-04 15:07:22'),('f6f10693-b98f-11f0-888e-f4b5205b5b70','GEO-3-f6ec0770-b98f-11f0-888e-f4b5205b5b70','9002','BODEGA COPPEL JALISCO',NULL,NULL,NULL,100,'polygon','{\"role\": \"unloading\", \"geofence_id\": \"9002\", \"geofence_name\": \"BODEGA COPPEL JALISCO\", \"geofence_type\": \"polygon\", \"order\": 2}','2025-11-04 15:07:22','2025-11-04 15:07:22'),('fb1e9045-b90b-11f0-b55b-f4b5205b5b70','GEO-1-fb1e3334-b90b-11f0-b55b-f4b5205b5b70','geo_101','TEST Zona de Carga',NULL,NULL,NULL,100,'circle','{\"role\": \"loading\", \"geofence_id\": \"geo_101\", \"geofence_name\": \"TEST Zona de Carga\", \"geofence_type\": \"circle\", \"order\": 1}','2025-11-03 23:22:35','2025-11-03 23:22:35'),('fb1f43a4-b90b-11f0-b55b-f4b5205b5b70','GEO-2-fb1e3334-b90b-11f0-b55b-f4b5205b5b70','geo_102','TEST Zona de Descarga',NULL,NULL,NULL,100,'circle','{\"role\": \"unloading\", \"geofence_id\": \"geo_102\", \"geofence_name\": \"TEST Zona de Descarga\", \"geofence_type\": \"circle\", \"order\": 2}','2025-11-03 23:22:35','2025-11-03 23:22:35'),('fc6a2dd0-b90a-11f0-b55b-f4b5205b5b70','GEO-1-fc69872e-b90a-11f0-b55b-f4b5205b5b70','geo_101','TEST Zona de Carga',NULL,NULL,NULL,100,'circle','{\"role\": \"loading\", \"geofence_id\": \"geo_101\", \"geofence_name\": \"TEST Zona de Carga\", \"geofence_type\": \"circle\", \"order\": 1}','2025-11-03 23:15:28','2025-11-03 23:15:28'),('fc6ae2a5-b90a-11f0-b55b-f4b5205b5b70','GEO-2-fc69872e-b90a-11f0-b55b-f4b5205b5b70','geo_102','TEST Zona de Descarga',NULL,NULL,NULL,100,'circle','{\"role\": \"unloading\", \"geofence_id\": \"geo_102\", \"geofence_name\": \"TEST Zona de Descarga\", \"geofence_type\": \"circle\", \"order\": 2}','2025-11-03 23:15:28','2025-11-03 23:15:28'),('ff37a6db-b8ee-11f0-9393-f4b5205b5b70','9001','9001','PLANTA ACME - ZONA CARGA',NULL,21.05050000,-101.79950000,100,'polygon','{\"role\": \"loading\"}','2025-11-03 19:55:07','2025-11-03 20:57:37'),('ff381d92-b8ee-11f0-9393-f4b5205b5b70','9002','9002','BODEGA CLIENTE - GDL',NULL,20.67360000,-103.34440000,100,'polygon','{\"role\": \"unloading\"}','2025-11-03 19:55:07','2025-11-03 20:57:37');
/*!40000 ALTER TABLE `geofences` ENABLE KEYS */;

--
-- Table structure for table `messages`
--

DROP TABLE IF EXISTS `messages`;
/*!40101 SET @saved_cs_client     = @@character_set_client */;
/*!50503 SET character_set_client = utf8mb4 */;
CREATE TABLE `messages` (
  `id` varchar(36) NOT NULL DEFAULT uuid(),
  `conversation_id` varchar(36) NOT NULL,
  `trip_id` varchar(36) DEFAULT NULL,
  `sender_phone` varchar(20) NOT NULL,
  `sender_name` varchar(255) DEFAULT NULL,
  `sender_type` varchar(20) DEFAULT NULL,
  `direction` varchar(20) NOT NULL DEFAULT 'inbound',
  `message_type` varchar(50) NOT NULL,
  `content` text NOT NULL,
  `transcription` text DEFAULT NULL,
  `ai_result` longtext CHARACTER SET utf8mb4 COLLATE utf8mb4_bin DEFAULT NULL CHECK (json_valid(`ai_result`)),
  `whatsapp_message_id` varchar(255) DEFAULT NULL,
  `is_from_driver` tinyint(1) DEFAULT 0,
  `ai_processed` tinyint(1) DEFAULT 0,
  `metadata` longtext CHARACTER SET utf8mb4 COLLATE utf8mb4_bin DEFAULT NULL CHECK (json_valid(`metadata`)),
  `created_at` timestamp NOT NULL DEFAULT current_timestamp(),
  PRIMARY KEY (`id`),
  KEY `idx_conversation` (`conversation_id`),
  KEY `idx_sender` (`sender_phone`),
  KEY `idx_created_at` (`created_at`),
  KEY `idx_ai_processed` (`ai_processed`),
  KEY `idx_messages_trip_id` (`trip_id`),
  CONSTRAINT `messages_ibfk_1` FOREIGN KEY (`conversation_id`) REFERENCES `conversations` (`id`) ON DELETE CASCADE
) ENGINE=InnoDB DEFAULT CHARSET=utf8mb4 COLLATE=utf8mb4_unicode_ci;
/*!40101 SET character_set_client = @saved_cs_client */;

--
-- Dumping data for table `messages`
--

/*!40000 ALTER TABLE `messages` DISABLE KEYS */;
INSERT INTO `messages` VALUES ('039bc65f-1bbb-457b-9d73-a268917af04c','a95ba877-b99e-11f0-888e-f4b5205b5b70','a7d140a9-b99e-11f0-888e-f4b5205b5b70','5214771817823',NULL,'driver','inbound','','esperando en el anden',NULL,NULL,'TEST_MSG_1762276633',0,0,NULL,'2025-11-04 17:17:15'),('045b73ff-af9d-4451-a919-e592fd2a4af9','477964a8-b9a2-11f0-888e-f4b5205b5b70','46158006-b9a2-11f0-888e-f4b5205b5b70','5214771817823',NULL,'driver','inbound','','A patio',NULL,NULL,'AC52DE54C2DFE7CAF551A7E18FB016FF',0,0,NULL,'2025-11-04 17:21:17'),('05253a5b-eb84-41eb-af0d-9db7fd982b05','7acb153c-b9ab-11f0-888e-f4b5205b5b70','79701666-b9ab-11f0-888e-f4b5205b5b70','5214771817823',NULL,'driver','inbound','','Ya termine de cargar',NULL,NULL,'AC3FEA5CE03A392C10CD46A10C98206F',0,0,NULL,'2025-11-04 18:26:33'),('0c67c5ef-dcd0-4b60-bb09-664e4fcdffa4','477964a8-b9a2-11f0-888e-f4b5205b5b70','46158006-b9a2-11f0-888e-f4b5205b5b70','5214771817823',NULL,'driver','inbound','','No apenas voy alla',NULL,NULL,'ACC138DA0B2EDBDA70E3CDA8CA5EBFAE',0,0,NULL,'2025-11-04 17:21:28'),('11a9a4a9-b28b-486f-a21c-14f1eecc94e0','65c4e2ec-b9a8-11f0-888e-f4b5205b5b70','643a2693-b9a8-11f0-888e-f4b5205b5b70','5214771817823',NULL,'driver','inbound','','YA Ternine ya me voy',NULL,NULL,'ACEC3C41383C43CC9F73CCF1C80F2D3C',0,0,NULL,'2025-11-04 18:05:31'),('13f9f240-389b-4816-9836-084b7022e792','d99800c5-b9a9-11f0-888e-f4b5205b5b70','d8202a13-b9a9-11f0-888e-f4b5205b5b70','5214771817823',NULL,'driver','inbound','','Si la carga',NULL,NULL,'ACA269650E10B6FCDE45B024174A6E31',0,0,NULL,'2025-11-04 18:13:35'),('1aacb940-ed58-490f-9ddb-18c02b87124b','7acb153c-b9ab-11f0-888e-f4b5205b5b70','79701666-b9ab-11f0-888e-f4b5205b5b70','5214771817823',NULL,'driver','inbound','','Ya empece a descargar',NULL,NULL,'AC0357A87D4B4CA99361DFDD731B4D57',0,0,NULL,'2025-11-04 18:25:57'),('1af1351e-8767-4f83-a9e9-bd03bf6b1c2c','d99800c5-b9a9-11f0-888e-f4b5205b5b70','d8202a13-b9a9-11f0-888e-f4b5205b5b70','5214771817823',NULL,'driver','inbound','','Si',NULL,NULL,'AC68859168221F1A1712137F8A03C10F',0,0,NULL,'2025-11-04 18:15:09'),('1b64e64e-1b8e-4c13-b2cf-a38ad21e34b2','d99800c5-b9a9-11f0-888e-f4b5205b5b70','d8202a13-b9a9-11f0-888e-f4b5205b5b70','5214771817823',NULL,'driver','inbound','','Ya comence con la carga',NULL,NULL,'AC4D2621B2932B107C8C5A9D4E4987A8',0,0,NULL,'2025-11-04 18:13:48'),('1dfd22db-a568-4453-9f4e-3bd7a2ff13a8','7acb153c-b9ab-11f0-888e-f4b5205b5b70','79701666-b9ab-11f0-888e-f4b5205b5b70','5214771817823',NULL,'driver','inbound','','Estoy en espera de anden',NULL,NULL,'AC1EEF7BFBAA13FBBBC4E1A58A251BB1',0,0,NULL,'2025-11-04 18:25:05'),('20bfaa78-bd4f-4d8c-9da8-3625ddb7ef28','477964a8-b9a2-11f0-888e-f4b5205b5b70','46158006-b9a2-11f0-888e-f4b5205b5b70','5214771817823',NULL,'driver','inbound','','A la matriz de la empresa',NULL,NULL,'ACE3120CEEFE9C33B950F4F81E12D1F8',0,0,NULL,'2025-11-04 17:21:46'),('24874e9b-781b-4abe-9359-6ecaf38613a5','65c4e2ec-b9a8-11f0-888e-f4b5205b5b70','643a2693-b9a8-11f0-888e-f4b5205b5b70','5214771817823',NULL,'driver','inbound','','Listo ya quedo la carga',NULL,NULL,'AC3D5B002DAF43CF96AD7629D1FE8F6E',0,0,NULL,'2025-11-04 18:03:58'),('2623ad41-9b58-4080-9c12-d801a92fc794','65c4e2ec-b9a8-11f0-888e-f4b5205b5b70','643a2693-b9a8-11f0-888e-f4b5205b5b70','5214771817823',NULL,'driver','inbound','','Ya empezamos a cargar compita',NULL,NULL,'AC2814E6AFCFBB48CE1BB9C470BFDD1D',0,0,NULL,'2025-11-04 18:03:40'),('33985fb4-f4d2-4af5-bd4c-241086a8a2bb','d99800c5-b9a9-11f0-888e-f4b5205b5b70','d8202a13-b9a9-11f0-888e-f4b5205b5b70','5214771817823',NULL,'driver','inbound','','Edtiy esperando',NULL,NULL,'AC02AB374C418336D28B3D47DC00FB43',0,0,NULL,'2025-11-04 18:15:21'),('420c596b-47cd-4de1-9b02-148f7bd0c548','4a3f57a0-b9b1-11f0-888e-f4b5205b5b70','491c3649-b9b1-11f0-888e-f4b5205b5b70','5214771817823',NULL,'driver','inbound','','[Error al transcribir audio]',NULL,NULL,'ACA34F4ABDA42698DBF2105739292B27',0,0,NULL,'2025-11-04 19:07:41'),('49fb4efd-8f08-494b-b99b-241cf109caac','65c4e2ec-b9a8-11f0-888e-f4b5205b5b70','643a2693-b9a8-11f0-888e-f4b5205b5b70','5214771817823',NULL,'driver','inbound','','Justo apenas estoy en anden',NULL,NULL,'ACE54738D5EEC8D4A08078106644537C',0,0,NULL,'2025-11-04 18:03:22'),('4d0bc387-0097-4fb4-b481-f9c5a940ac52','d99800c5-b9a9-11f0-888e-f4b5205b5b70','d8202a13-b9a9-11f0-888e-f4b5205b5b70','5214771817823',NULL,'driver','inbound','','Ya edtoy en ello jefe',NULL,NULL,'AC39D250FC13C19BAEF8CF368B8370DB',0,0,NULL,'2025-11-04 18:13:23'),('651c69f2-9a07-4d5f-ac04-ebb6f76387b2','65c4e2ec-b9a8-11f0-888e-f4b5205b5b70','643a2693-b9a8-11f0-888e-f4b5205b5b70','5214771817823',NULL,'driver','inbound','','Ya empece a descargar',NULL,NULL,'AC6FA6863B1D33D9CE6C3479EEF1D15C',0,0,NULL,'2025-11-04 18:05:19'),('671c09ad-f603-477a-ae7f-05c7426e902b','d99800c5-b9a9-11f0-888e-f4b5205b5b70','d8202a13-b9a9-11f0-888e-f4b5205b5b70','5214771817823',NULL,'driver','inbound','','Ya ternine ya me voy',NULL,NULL,'AC77CC685739F086A59A65C632FADBB5',0,0,NULL,'2025-11-04 18:14:46'),('6ab35bde-6f6a-485d-91d0-4ca3651135af','d99800c5-b9a9-11f0-888e-f4b5205b5b70','d8202a13-b9a9-11f0-888e-f4b5205b5b70','5214771817823',NULL,'driver','inbound','','A patio a guardar la unidad',NULL,NULL,'AC0C9345A01339CEF0C3EFF38DDCAF3C',0,0,NULL,'2025-11-04 18:15:00'),('7f6b8bae-92c7-426a-8b14-63ca06afc221','477964a8-b9a2-11f0-888e-f4b5205b5b70','46158006-b9a2-11f0-888e-f4b5205b5b70','5214771817823',NULL,'driver','inbound','','Ya termine de cargar',NULL,NULL,'ACF8178B1005EDF45D7A835DFFE1C59D',0,0,NULL,'2025-11-04 17:19:57'),('7fb08e50-6588-46b0-8222-e5bfd8612cde','d99800c5-b9a9-11f0-888e-f4b5205b5b70','d8202a13-b9a9-11f0-888e-f4b5205b5b70','5214771817823',NULL,'driver','inbound','','Ya termine la carga',NULL,NULL,'ACADEF7CF2347C981908222FC5E31B50',0,0,NULL,'2025-11-04 18:13:59'),('80cde660-9238-4d04-999b-0a4aaf0e15a7','477964a8-b9a2-11f0-888e-f4b5205b5b70','46158006-b9a2-11f0-888e-f4b5205b5b70','5214771817823',NULL,'driver','inbound','','Ya empece a cargar',NULL,NULL,'ACB75AE9E9D0746B9A273A47244129A5',0,0,NULL,'2025-11-04 17:19:39'),('8d4c534d-b398-4e0a-9bd2-7224a53be12e','477964a8-b9a2-11f0-888e-f4b5205b5b70','46158006-b9a2-11f0-888e-f4b5205b5b70','5214771817823',NULL,'driver','inbound','','Esperando en el anden',NULL,NULL,'ACB80A9D7634363904F748314FB3BEDB',0,0,NULL,'2025-11-04 17:19:24'),('8f27172e-0afc-4bf8-adb8-f20968de71f6','477964a8-b9a2-11f0-888e-f4b5205b5b70','46158006-b9a2-11f0-888e-f4b5205b5b70','5214771817823',NULL,'driver','inbound','','Empezando a descargar',NULL,NULL,'AC2AF8C10B387EACDD8E151D044CA5FF',0,0,NULL,'2025-11-04 17:20:36'),('a6457475-a612-4738-8fbb-fc9e2d464f23','a95ba877-b99e-11f0-888e-f4b5205b5b70','a7d140a9-b99e-11f0-888e-f4b5205b5b70','5214771817823',NULL,'driver','inbound','','Hjolmm',NULL,NULL,'AC55754943897FFF2815AFE2B572B50E',0,0,NULL,'2025-11-04 17:17:21'),('b37c6810-74e0-4359-bdb1-561c10fb1f90','d99800c5-b9a9-11f0-888e-f4b5205b5b70','d8202a13-b9a9-11f0-888e-f4b5205b5b70','5214771817823',NULL,'driver','inbound','','Ya empece a descargar jefe',NULL,NULL,'AC80425C56581D0D5AC9A7D91BD83370',0,0,NULL,'2025-11-04 18:14:33'),('b462988a-ead6-4604-8032-76d5b11f778a','65c4e2ec-b9a8-11f0-888e-f4b5205b5b70','643a2693-b9a8-11f0-888e-f4b5205b5b70','5214771817823',NULL,'driver','inbound','','Ire a patio a esperae indicaciones',NULL,NULL,'ACB8A69D9391307661A448E0D18CC6C1',0,0,NULL,'2025-11-04 18:05:46'),('bcfee37b-6332-4d6d-8252-e294ab650e95','7acb153c-b9ab-11f0-888e-f4b5205b5b70','79701666-b9ab-11f0-888e-f4b5205b5b70','5214771817823',NULL,'driver','inbound','','Ya empece a descargar',NULL,NULL,'AC601E3DFA74DD5C2D2D99CD6E488C10',0,0,NULL,'2025-11-04 18:27:05'),('c35b95f6-cb21-4094-baff-d3c2e3cec621','7acb153c-b9ab-11f0-888e-f4b5205b5b70','79701666-b9ab-11f0-888e-f4b5205b5b70','5214771817823',NULL,'driver','inbound','','Ya ternine de descargar me voy',NULL,NULL,'AC2812015916135B1C28A8F36450F63F',0,0,NULL,'2025-11-04 18:27:32'),('da6bb9b0-8f3b-497d-a7f8-7aed1c9cd7da','477964a8-b9a2-11f0-888e-f4b5205b5b70','46158006-b9a2-11f0-888e-f4b5205b5b70','5214771817823',NULL,'driver','inbound','','Ya termine de descargar me voy',NULL,NULL,'AC711A00865B0D05B674188FA61D4D97',0,0,NULL,'2025-11-04 17:20:49');
/*!40000 ALTER TABLE `messages` ENABLE KEYS */;

--
-- Table structure for table `system_logs`
--

DROP TABLE IF EXISTS `system_logs`;
/*!40101 SET @saved_cs_client     = @@character_set_client */;
/*!50503 SET character_set_client = utf8mb4 */;
CREATE TABLE `system_logs` (
  `id` varchar(36) NOT NULL DEFAULT uuid(),
  `level` varchar(20) NOT NULL,
  `service` varchar(100) DEFAULT NULL,
  `message` text NOT NULL,
  `trace_id` varchar(100) DEFAULT NULL,
  `metadata` longtext CHARACTER SET utf8mb4 COLLATE utf8mb4_bin DEFAULT NULL CHECK (json_valid(`metadata`)),
  `created_at` timestamp NOT NULL DEFAULT current_timestamp(),
  PRIMARY KEY (`id`),
  KEY `idx_level` (`level`),
  KEY `idx_service` (`service`),
  KEY `idx_trace_id` (`trace_id`),
  KEY `idx_created_at` (`created_at`)
) ENGINE=InnoDB DEFAULT CHARSET=utf8mb4 COLLATE=utf8mb4_unicode_ci;
/*!40101 SET character_set_client = @saved_cs_client */;

--
-- Dumping data for table `system_logs`
--

/*!40000 ALTER TABLE `system_logs` DISABLE KEYS */;
/*!40000 ALTER TABLE `system_logs` ENABLE KEYS */;

--
-- Table structure for table `trip_geofences`
--

DROP TABLE IF EXISTS `trip_geofences`;
/*!40101 SET @saved_cs_client     = @@character_set_client */;
/*!50503 SET character_set_client = utf8mb4 */;
CREATE TABLE `trip_geofences` (
  `id` varchar(36) NOT NULL DEFAULT uuid(),
  `trip_id` varchar(36) NOT NULL,
  `geofence_id` varchar(36) NOT NULL,
  `sequence_order` int(11) NOT NULL,
  `visit_type` varchar(50) NOT NULL DEFAULT 'delivery',
  `entered_at` timestamp NULL DEFAULT NULL,
  `exited_at` timestamp NULL DEFAULT NULL,
  `status` varchar(50) DEFAULT 'pending',
  `metadata` longtext CHARACTER SET utf8mb4 COLLATE utf8mb4_bin DEFAULT NULL CHECK (json_valid(`metadata`)),
  `created_at` timestamp NOT NULL DEFAULT current_timestamp(),
  `updated_at` timestamp NOT NULL DEFAULT current_timestamp() ON UPDATE current_timestamp(),
  PRIMARY KEY (`id`),
  UNIQUE KEY `unique_trip_geofence` (`trip_id`,`geofence_id`),
  KEY `idx_trip` (`trip_id`),
  KEY `idx_geofence` (`geofence_id`),
  KEY `idx_sequence` (`trip_id`,`sequence_order`),
  CONSTRAINT `trip_geofences_ibfk_1` FOREIGN KEY (`trip_id`) REFERENCES `trips` (`id`) ON DELETE CASCADE,
  CONSTRAINT `trip_geofences_ibfk_2` FOREIGN KEY (`geofence_id`) REFERENCES `geofences` (`id`) ON DELETE CASCADE
) ENGINE=InnoDB DEFAULT CHARSET=utf8mb4 COLLATE=utf8mb4_unicode_ci;
/*!40101 SET character_set_client = @saved_cs_client */;

--
-- Dumping data for table `trip_geofences`
--

/*!40000 ALTER TABLE `trip_geofences` DISABLE KEYS */;
INSERT INTO `trip_geofences` VALUES ('0853d9fb-b90e-11f0-b55b-f4b5205b5b70','0852b4a5-b90e-11f0-b55b-f4b5205b5b70','08534bd9-b90e-11f0-b55b-f4b5205b5b70',1,'loading',NULL,NULL,'pending',NULL,'2025-11-03 23:37:16','2025-11-03 23:37:16'),('08555bc2-b90e-11f0-b55b-f4b5205b5b70','0852b4a5-b90e-11f0-b55b-f4b5205b5b70','0854f3e6-b90e-11f0-b55b-f4b5205b5b70',2,'unloading',NULL,NULL,'pending',NULL,'2025-11-03 23:37:16','2025-11-03 23:37:16'),('12edc9df-b994-11f0-888e-f4b5205b5b70','12ed1489-b994-11f0-888e-f4b5205b5b70','12ed635d-b994-11f0-888e-f4b5205b5b70',0,'origin',NULL,NULL,'pending',NULL,'2025-11-04 15:36:47','2025-11-04 15:36:47'),('12ee7928-b994-11f0-888e-f4b5205b5b70','12ed1489-b994-11f0-888e-f4b5205b5b70','12ee1367-b994-11f0-888e-f4b5205b5b70',1,'loading',NULL,NULL,'pending',NULL,'2025-11-04 15:36:47','2025-11-04 15:36:47'),('12ef4d52-b994-11f0-888e-f4b5205b5b70','12ed1489-b994-11f0-888e-f4b5205b5b70','12eee068-b994-11f0-888e-f4b5205b5b70',2,'unloading',NULL,NULL,'pending',NULL,'2025-11-04 15:36:47','2025-11-04 15:36:47'),('1554e29b-b98f-11f0-888e-f4b5205b5b70','15526a7c-b98f-11f0-888e-f4b5205b5b70','1554571d-b98f-11f0-888e-f4b5205b5b70',0,'origin',NULL,NULL,'pending',NULL,'2025-11-04 15:01:03','2025-11-04 15:01:03'),('1555d2af-b98f-11f0-888e-f4b5205b5b70','15526a7c-b98f-11f0-888e-f4b5205b5b70','15556647-b98f-11f0-888e-f4b5205b5b70',0,'loading',NULL,NULL,'pending',NULL,'2025-11-04 15:01:03','2025-11-04 15:01:03'),('1556b87f-b98f-11f0-888e-f4b5205b5b70','15526a7c-b98f-11f0-888e-f4b5205b5b70','15565d35-b98f-11f0-888e-f4b5205b5b70',0,'unloading',NULL,NULL,'pending',NULL,'2025-11-04 15:01:03','2025-11-04 15:01:03'),('17572d3f-b991-11f0-888e-f4b5205b5b70','17561849-b991-11f0-888e-f4b5205b5b70','1756ce5c-b991-11f0-888e-f4b5205b5b70',0,'origin',NULL,NULL,'pending',NULL,'2025-11-04 15:15:26','2025-11-04 15:15:26'),('1757f764-b991-11f0-888e-f4b5205b5b70','17561849-b991-11f0-888e-f4b5205b5b70','17579621-b991-11f0-888e-f4b5205b5b70',1,'loading',NULL,NULL,'pending',NULL,'2025-11-04 15:15:26','2025-11-04 15:15:26'),('1758a0ce-b991-11f0-888e-f4b5205b5b70','17561849-b991-11f0-888e-f4b5205b5b70','175838ea-b991-11f0-888e-f4b5205b5b70',2,'unloading',NULL,NULL,'pending',NULL,'2025-11-04 15:15:26','2025-11-04 15:15:26'),('1c2a253a-b90c-11f0-b55b-f4b5205b5b70','1c297127-b90c-11f0-b55b-f4b5205b5b70','1c29bd8e-b90c-11f0-b55b-f4b5205b5b70',1,'loading',NULL,NULL,'pending',NULL,'2025-11-03 23:23:31','2025-11-03 23:23:31'),('1c2b33cc-b90c-11f0-b55b-f4b5205b5b70','1c297127-b90c-11f0-b55b-f4b5205b5b70','1c2aca98-b90c-11f0-b55b-f4b5205b5b70',2,'unloading',NULL,NULL,'pending',NULL,'2025-11-03 23:23:31','2025-11-03 23:23:31'),('1cebd4a8-b90e-11f0-b55b-f4b5205b5b70','1cea874c-b90e-11f0-b55b-f4b5205b5b70','1ceb6bb8-b90e-11f0-b55b-f4b5205b5b70',1,'loading',NULL,NULL,'pending',NULL,'2025-11-03 23:37:51','2025-11-03 23:37:51'),('1ced659d-b90e-11f0-b55b-f4b5205b5b70','1cea874c-b90e-11f0-b55b-f4b5205b5b70','1cec92f5-b90e-11f0-b55b-f4b5205b5b70',2,'unloading',NULL,NULL,'pending',NULL,'2025-11-03 23:37:51','2025-11-03 23:37:51'),('2d95073d-b90e-11f0-b55b-f4b5205b5b70','2d9425cc-b90e-11f0-b55b-f4b5205b5b70','2d949e55-b90e-11f0-b55b-f4b5205b5b70',1,'loading',NULL,NULL,'pending',NULL,'2025-11-03 23:38:19','2025-11-03 23:38:19'),('2d95ad69-b90e-11f0-b55b-f4b5205b5b70','2d9425cc-b90e-11f0-b55b-f4b5205b5b70','2d954662-b90e-11f0-b55b-f4b5205b5b70',2,'unloading',NULL,NULL,'pending',NULL,'2025-11-03 23:38:19','2025-11-03 23:38:19'),('3da37e15-b998-11f0-888e-f4b5205b5b70','3da21e26-b998-11f0-888e-f4b5205b5b70','3da316cf-b998-11f0-888e-f4b5205b5b70',0,'origin',NULL,NULL,'pending',NULL,'2025-11-04 16:06:36','2025-11-04 16:06:36'),('3da4264d-b998-11f0-888e-f4b5205b5b70','3da21e26-b998-11f0-888e-f4b5205b5b70','3da3ecd1-b998-11f0-888e-f4b5205b5b70',1,'loading',NULL,NULL,'pending',NULL,'2025-11-04 16:06:36','2025-11-04 16:06:36'),('3da54448-b998-11f0-888e-f4b5205b5b70','3da21e26-b998-11f0-888e-f4b5205b5b70','3da50916-b998-11f0-888e-f4b5205b5b70',2,'unloading',NULL,NULL,'pending',NULL,'2025-11-04 16:06:36','2025-11-04 16:06:36'),('43b11552-b90c-11f0-b55b-f4b5205b5b70','43afe6fc-b90c-11f0-b55b-f4b5205b5b70','43b05ffb-b90c-11f0-b55b-f4b5205b5b70',1,'loading',NULL,NULL,'pending',NULL,'2025-11-03 23:24:37','2025-11-03 23:24:37'),('43b20dd1-b90c-11f0-b55b-f4b5205b5b70','43afe6fc-b90c-11f0-b55b-f4b5205b5b70','43b176e8-b90c-11f0-b55b-f4b5205b5b70',2,'unloading',NULL,NULL,'pending',NULL,'2025-11-03 23:24:37','2025-11-03 23:24:37'),('4617be39-b9a2-11f0-888e-f4b5205b5b70','46158006-b9a2-11f0-888e-f4b5205b5b70','4616d1d8-b9a2-11f0-888e-f4b5205b5b70',0,'origin',NULL,NULL,'pending',NULL,'2025-11-04 17:18:26','2025-11-04 17:18:26'),('4618cecc-b9a2-11f0-888e-f4b5205b5b70','46158006-b9a2-11f0-888e-f4b5205b5b70','46186463-b9a2-11f0-888e-f4b5205b5b70',1,'loading',NULL,NULL,'pending',NULL,'2025-11-04 17:18:26','2025-11-04 17:18:26'),('461992e4-b9a2-11f0-888e-f4b5205b5b70','46158006-b9a2-11f0-888e-f4b5205b5b70','4619242e-b9a2-11f0-888e-f4b5205b5b70',2,'unloading',NULL,NULL,'pending',NULL,'2025-11-04 17:18:26','2025-11-04 17:18:26'),('491e2657-b9b1-11f0-888e-f4b5205b5b70','491c3649-b9b1-11f0-888e-f4b5205b5b70','491d3a8e-b9b1-11f0-888e-f4b5205b5b70',0,'origin',NULL,NULL,'pending',NULL,'2025-11-04 19:05:53','2025-11-04 19:05:53'),('491f5533-b9b1-11f0-888e-f4b5205b5b70','491c3649-b9b1-11f0-888e-f4b5205b5b70','491ec840-b9b1-11f0-888e-f4b5205b5b70',1,'loading',NULL,NULL,'pending',NULL,'2025-11-04 19:05:53','2025-11-04 19:05:53'),('4920c678-b9b1-11f0-888e-f4b5205b5b70','491c3649-b9b1-11f0-888e-f4b5205b5b70','49207165-b9b1-11f0-888e-f4b5205b5b70',2,'unloading',NULL,NULL,'pending',NULL,'2025-11-04 19:05:53','2025-11-04 19:05:53'),('4b5f31a2-b90e-11f0-b55b-f4b5205b5b70','4b5e72f4-b90e-11f0-b55b-f4b5205b5b70','4b5eeaa3-b90e-11f0-b55b-f4b5205b5b70',1,'loading',NULL,NULL,'pending',NULL,'2025-11-03 23:39:09','2025-11-03 23:39:09'),('4b6053ce-b90e-11f0-b55b-f4b5205b5b70','4b5e72f4-b90e-11f0-b55b-f4b5205b5b70','4b5feec3-b90e-11f0-b55b-f4b5205b5b70',2,'unloading',NULL,NULL,'pending',NULL,'2025-11-03 23:39:09','2025-11-03 23:39:09'),('4cafee10-b992-11f0-888e-f4b5205b5b70','4caf1dd9-b992-11f0-888e-f4b5205b5b70','4caf7926-b992-11f0-888e-f4b5205b5b70',0,'origin',NULL,NULL,'pending',NULL,'2025-11-04 15:24:05','2025-11-04 15:24:05'),('4cb09a32-b992-11f0-888e-f4b5205b5b70','4caf1dd9-b992-11f0-888e-f4b5205b5b70','4cb033bb-b992-11f0-888e-f4b5205b5b70',1,'loading',NULL,NULL,'pending',NULL,'2025-11-04 15:24:05','2025-11-04 15:24:05'),('4cb15aae-b992-11f0-888e-f4b5205b5b70','4caf1dd9-b992-11f0-888e-f4b5205b5b70','4cb0e946-b992-11f0-888e-f4b5205b5b70',2,'unloading',NULL,NULL,'pending',NULL,'2025-11-04 15:24:05','2025-11-04 15:24:05'),('4f3aa57e-b990-11f0-888e-f4b5205b5b70','4f39c1a4-b990-11f0-888e-f4b5205b5b70','4f3a539c-b990-11f0-888e-f4b5205b5b70',0,'origin',NULL,NULL,'pending',NULL,'2025-11-04 15:09:50','2025-11-04 15:09:50'),('4f3bf412-b990-11f0-888e-f4b5205b5b70','4f39c1a4-b990-11f0-888e-f4b5205b5b70','4f3b2ae9-b990-11f0-888e-f4b5205b5b70',1,'loading',NULL,NULL,'pending',NULL,'2025-11-04 15:09:50','2025-11-04 15:09:50'),('4f3cb916-b990-11f0-888e-f4b5205b5b70','4f39c1a4-b990-11f0-888e-f4b5205b5b70','4f3c4d96-b990-11f0-888e-f4b5205b5b70',2,'unloading',NULL,NULL,'pending',NULL,'2025-11-04 15:09:50','2025-11-04 15:09:50'),('536a1bf2-b996-11f0-888e-f4b5205b5b70','536937fd-b996-11f0-888e-f4b5205b5b70','5369b999-b996-11f0-888e-f4b5205b5b70',0,'origin',NULL,NULL,'pending',NULL,'2025-11-04 15:52:54','2025-11-04 15:52:54'),('536ab82d-b996-11f0-888e-f4b5205b5b70','536937fd-b996-11f0-888e-f4b5205b5b70','536a5a11-b996-11f0-888e-f4b5205b5b70',1,'loading',NULL,NULL,'pending',NULL,'2025-11-04 15:52:54','2025-11-04 15:52:54'),('536b56db-b996-11f0-888e-f4b5205b5b70','536937fd-b996-11f0-888e-f4b5205b5b70','536af53f-b996-11f0-888e-f4b5205b5b70',2,'unloading',NULL,NULL,'pending',NULL,'2025-11-04 15:52:54','2025-11-04 15:52:54'),('5e144747-b90c-11f0-b55b-f4b5205b5b70','5e138023-b90c-11f0-b55b-f4b5205b5b70','5e1406ee-b90c-11f0-b55b-f4b5205b5b70',1,'loading',NULL,NULL,'pending',NULL,'2025-11-03 23:25:21','2025-11-03 23:25:21'),('5e154be5-b90c-11f0-b55b-f4b5205b5b70','5e138023-b90c-11f0-b55b-f4b5205b5b70','5e14e7bb-b90c-11f0-b55b-f4b5205b5b70',2,'unloading',NULL,NULL,'pending',NULL,'2025-11-03 23:25:21','2025-11-03 23:25:21'),('62760622-b90b-11f0-b55b-f4b5205b5b70','627509ff-b90b-11f0-b55b-f4b5205b5b70','627593d8-b90b-11f0-b55b-f4b5205b5b70',1,'loading',NULL,NULL,'pending',NULL,'2025-11-03 23:18:19','2025-11-03 23:18:19'),('6276a259-b90b-11f0-b55b-f4b5205b5b70','627509ff-b90b-11f0-b55b-f4b5205b5b70','627643fe-b90b-11f0-b55b-f4b5205b5b70',2,'unloading',NULL,NULL,'pending',NULL,'2025-11-03 23:18:19','2025-11-03 23:18:19'),('6418657d-b90d-11f0-b55b-f4b5205b5b70','6417ac08-b90d-11f0-b55b-f4b5205b5b70','6417fe17-b90d-11f0-b55b-f4b5205b5b70',1,'loading',NULL,NULL,'pending',NULL,'2025-11-03 23:32:41','2025-11-03 23:32:41'),('6418f456-b90d-11f0-b55b-f4b5205b5b70','6417ac08-b90d-11f0-b55b-f4b5205b5b70','6418973c-b90d-11f0-b55b-f4b5205b5b70',2,'unloading',NULL,NULL,'pending',NULL,'2025-11-03 23:32:41','2025-11-03 23:32:41'),('643c92f9-b9a8-11f0-888e-f4b5205b5b70','643a2693-b9a8-11f0-888e-f4b5205b5b70','643c2c24-b9a8-11f0-888e-f4b5205b5b70',0,'origin',NULL,NULL,'pending',NULL,'2025-11-04 18:02:13','2025-11-04 18:02:13'),('643dad1c-b9a8-11f0-888e-f4b5205b5b70','643a2693-b9a8-11f0-888e-f4b5205b5b70','643d1ac2-b9a8-11f0-888e-f4b5205b5b70',1,'loading',NULL,NULL,'pending',NULL,'2025-11-04 18:02:13','2025-11-04 18:02:13'),('643e768c-b9a8-11f0-888e-f4b5205b5b70','643a2693-b9a8-11f0-888e-f4b5205b5b70','643e3308-b9a8-11f0-888e-f4b5205b5b70',2,'unloading',NULL,NULL,'pending',NULL,'2025-11-04 18:02:13','2025-11-04 18:02:13'),('6e03f8ad-b98e-11f0-888e-f4b5205b5b70','6e002be8-b98e-11f0-888e-f4b5205b5b70','6e0125b5-b98e-11f0-888e-f4b5205b5b70',0,'origin',NULL,NULL,'pending',NULL,'2025-11-04 14:56:23','2025-11-04 14:56:23'),('6e05105d-b98e-11f0-888e-f4b5205b5b70','6e002be8-b98e-11f0-888e-f4b5205b5b70','6e0499e4-b98e-11f0-888e-f4b5205b5b70',0,'loading',NULL,NULL,'pending',NULL,'2025-11-04 14:56:23','2025-11-04 14:56:23'),('6e05f85c-b98e-11f0-888e-f4b5205b5b70','6e002be8-b98e-11f0-888e-f4b5205b5b70','6e05804c-b98e-11f0-888e-f4b5205b5b70',0,'unloading',NULL,NULL,'pending',NULL,'2025-11-04 14:56:23','2025-11-04 14:56:23'),('724c15b1-b90c-11f0-b55b-f4b5205b5b70','724b3483-b90c-11f0-b55b-f4b5205b5b70','724bacf2-b90c-11f0-b55b-f4b5205b5b70',1,'loading',NULL,NULL,'pending',NULL,'2025-11-03 23:25:55','2025-11-03 23:25:55'),('724cad4c-b90c-11f0-b55b-f4b5205b5b70','724b3483-b90c-11f0-b55b-f4b5205b5b70','724c51d6-b90c-11f0-b55b-f4b5205b5b70',2,'unloading',NULL,NULL,'pending',NULL,'2025-11-03 23:25:55','2025-11-03 23:25:55'),('76d9f7ed-b90b-11f0-b55b-f4b5205b5b70','76d94641-b90b-11f0-b55b-f4b5205b5b70','76d9bb2c-b90b-11f0-b55b-f4b5205b5b70',1,'loading',NULL,NULL,'pending',NULL,'2025-11-03 23:18:53','2025-11-03 23:18:53'),('76db4a33-b90b-11f0-b55b-f4b5205b5b70','76d94641-b90b-11f0-b55b-f4b5205b5b70','76dad871-b90b-11f0-b55b-f4b5205b5b70',2,'unloading',NULL,NULL,'pending',NULL,'2025-11-03 23:18:53','2025-11-03 23:18:53'),('7970cc16-b9ab-11f0-888e-f4b5205b5b70','79701666-b9ab-11f0-888e-f4b5205b5b70','797076b5-b9ab-11f0-888e-f4b5205b5b70',0,'origin',NULL,NULL,'pending',NULL,'2025-11-04 18:24:17','2025-11-04 18:24:17'),('79718d20-b9ab-11f0-888e-f4b5205b5b70','79701666-b9ab-11f0-888e-f4b5205b5b70','7971308f-b9ab-11f0-888e-f4b5205b5b70',1,'loading',NULL,NULL,'pending',NULL,'2025-11-04 18:24:17','2025-11-04 18:24:17'),('79725484-b9ab-11f0-888e-f4b5205b5b70','79701666-b9ab-11f0-888e-f4b5205b5b70','7971e89c-b9ab-11f0-888e-f4b5205b5b70',2,'unloading',NULL,NULL,'pending',NULL,'2025-11-04 18:24:17','2025-11-04 18:24:17'),('7f8ff658-b98f-11f0-888e-f4b5205b5b70','7f8e6b38-b98f-11f0-888e-f4b5205b5b70','7f8fabad-b98f-11f0-888e-f4b5205b5b70',0,'origin',NULL,NULL,'pending',NULL,'2025-11-04 15:04:02','2025-11-04 15:04:02'),('7f913e1e-b98f-11f0-888e-f4b5205b5b70','7f8e6b38-b98f-11f0-888e-f4b5205b5b70','7f90f30b-b98f-11f0-888e-f4b5205b5b70',1,'loading',NULL,NULL,'pending',NULL,'2025-11-04 15:04:02','2025-11-04 15:04:02'),('7f920b6c-b98f-11f0-888e-f4b5205b5b70','7f8e6b38-b98f-11f0-888e-f4b5205b5b70','7f91bbdd-b98f-11f0-888e-f4b5205b5b70',2,'unloading',NULL,NULL,'pending',NULL,'2025-11-04 15:04:02','2025-11-04 15:04:02'),('8247258d-b90a-11f0-b55b-f4b5205b5b70','8245ea85-b90a-11f0-b55b-f4b5205b5b70','82468ab6-b90a-11f0-b55b-f4b5205b5b70',1,'loading',NULL,NULL,'pending',NULL,'2025-11-03 23:12:03','2025-11-03 23:12:03'),('82481edf-b90a-11f0-b55b-f4b5205b5b70','8245ea85-b90a-11f0-b55b-f4b5205b5b70','8247e457-b90a-11f0-b55b-f4b5205b5b70',2,'unloading',NULL,NULL,'pending',NULL,'2025-11-03 23:12:03','2025-11-03 23:12:03'),('857cafdc-b90c-11f0-b55b-f4b5205b5b70','857c0de7-b90c-11f0-b55b-f4b5205b5b70','857c51dc-b90c-11f0-b55b-f4b5205b5b70',1,'loading',NULL,NULL,'pending',NULL,'2025-11-03 23:26:27','2025-11-03 23:26:27'),('857d4a7f-b90c-11f0-b55b-f4b5205b5b70','857c0de7-b90c-11f0-b55b-f4b5205b5b70','857ce83b-b90c-11f0-b55b-f4b5205b5b70',2,'unloading',NULL,NULL,'pending',NULL,'2025-11-03 23:26:27','2025-11-03 23:26:27'),('868851b1-b99d-11f0-888e-f4b5205b5b70','86877c6c-b99d-11f0-888e-f4b5205b5b70','86880acb-b99d-11f0-888e-f4b5205b5b70',0,'origin',NULL,NULL,'pending',NULL,'2025-11-04 16:44:26','2025-11-04 16:44:26'),('86894464-b99d-11f0-888e-f4b5205b5b70','86877c6c-b99d-11f0-888e-f4b5205b5b70','8688ce45-b99d-11f0-888e-f4b5205b5b70',1,'loading',NULL,NULL,'pending',NULL,'2025-11-04 16:44:26','2025-11-04 16:44:26'),('8689fc9e-b99d-11f0-888e-f4b5205b5b70','86877c6c-b99d-11f0-888e-f4b5205b5b70','868995f7-b99d-11f0-888e-f4b5205b5b70',2,'unloading',NULL,NULL,'pending',NULL,'2025-11-04 16:44:26','2025-11-04 16:44:26'),('87846247-b907-11f0-9393-f4b5205b5b70','87835f2a-b907-11f0-9393-f4b5205b5b70','8783a1a4-b907-11f0-9393-f4b5205b5b70',1,'loading',NULL,NULL,'pending',NULL,'2025-11-03 22:50:41','2025-11-03 22:50:41'),('87850c15-b907-11f0-9393-f4b5205b5b70','87835f2a-b907-11f0-9393-f4b5205b5b70','8784cfa0-b907-11f0-9393-f4b5205b5b70',2,'unloading',NULL,NULL,'pending',NULL,'2025-11-03 22:50:41','2025-11-03 22:50:41'),('98136412-b90c-11f0-b55b-f4b5205b5b70','98119d25-b90c-11f0-b55b-f4b5205b5b70','98124eeb-b90c-11f0-b55b-f4b5205b5b70',1,'loading',NULL,NULL,'pending',NULL,'2025-11-03 23:26:59','2025-11-03 23:26:59'),('9814c267-b90c-11f0-b55b-f4b5205b5b70','98119d25-b90c-11f0-b55b-f4b5205b5b70','98145ffb-b90c-11f0-b55b-f4b5205b5b70',2,'unloading',NULL,NULL,'pending',NULL,'2025-11-03 23:26:59','2025-11-03 23:26:59'),('9c6eb9ab-b90a-11f0-b55b-f4b5205b5b70','9c6dd3de-b90a-11f0-b55b-f4b5205b5b70','9c6e49af-b90a-11f0-b55b-f4b5205b5b70',1,'loading',NULL,NULL,'pending',NULL,'2025-11-03 23:12:47','2025-11-03 23:12:47'),('9c6fd3bf-b90a-11f0-b55b-f4b5205b5b70','9c6dd3de-b90a-11f0-b55b-f4b5205b5b70','9c6f7cf7-b90a-11f0-b55b-f4b5205b5b70',2,'unloading',NULL,NULL,'pending',NULL,'2025-11-03 23:12:47','2025-11-03 23:12:47'),('9d3375fe-b8f3-11f0-9393-f4b5205b5b70','d86fdcb0-c35b-40e6-98f9-a08b2598bec5','ff37a6db-b8ee-11f0-9393-f4b5205b5b70',0,'loading',NULL,NULL,'pending','{}','2025-11-03 20:28:07','2025-11-03 20:28:07'),('9d33f848-b8f3-11f0-9393-f4b5205b5b70','d86fdcb0-c35b-40e6-98f9-a08b2598bec5','ff381d92-b8ee-11f0-9393-f4b5205b5b70',1,'unloading',NULL,NULL,'pending','{}','2025-11-03 20:28:07','2025-11-03 20:28:07'),('a01ab9c3-b999-11f0-888e-f4b5205b5b70','a019b809-b999-11f0-888e-f4b5205b5b70','a01a4040-b999-11f0-888e-f4b5205b5b70',0,'origin',NULL,NULL,'pending',NULL,'2025-11-04 16:16:31','2025-11-04 16:16:31'),('a01b8a9d-b999-11f0-888e-f4b5205b5b70','a019b809-b999-11f0-888e-f4b5205b5b70','a01b4205-b999-11f0-888e-f4b5205b5b70',1,'loading',NULL,NULL,'pending',NULL,'2025-11-04 16:16:31','2025-11-04 16:16:31'),('a01c41df-b999-11f0-888e-f4b5205b5b70','a019b809-b999-11f0-888e-f4b5205b5b70','a01c0408-b999-11f0-888e-f4b5205b5b70',2,'unloading',NULL,NULL,'pending',NULL,'2025-11-04 16:16:31','2025-11-04 16:16:31'),('a7d22ddf-b99e-11f0-888e-f4b5205b5b70','a7d140a9-b99e-11f0-888e-f4b5205b5b70','a7d1dc16-b99e-11f0-888e-f4b5205b5b70',0,'origin',NULL,NULL,'pending',NULL,'2025-11-04 16:52:32','2025-11-04 16:52:32'),('a7d3246b-b99e-11f0-888e-f4b5205b5b70','a7d140a9-b99e-11f0-888e-f4b5205b5b70','a7d2a057-b99e-11f0-888e-f4b5205b5b70',1,'loading',NULL,NULL,'pending',NULL,'2025-11-04 16:52:32','2025-11-04 16:52:32'),('a7d3d107-b99e-11f0-888e-f4b5205b5b70','a7d140a9-b99e-11f0-888e-f4b5205b5b70','a7d39d5d-b99e-11f0-888e-f4b5205b5b70',2,'unloading',NULL,NULL,'pending',NULL,'2025-11-04 16:52:32','2025-11-04 16:52:32'),('aa43f279-b991-11f0-888e-f4b5205b5b70','aa422c66-b991-11f0-888e-f4b5205b5b70','aa43346d-b991-11f0-888e-f4b5205b5b70',0,'origin',NULL,NULL,'pending',NULL,'2025-11-04 15:19:32','2025-11-04 15:19:32'),('aa44aea1-b991-11f0-888e-f4b5205b5b70','aa422c66-b991-11f0-888e-f4b5205b5b70','aa4468f5-b991-11f0-888e-f4b5205b5b70',1,'loading',NULL,NULL,'pending',NULL,'2025-11-04 15:19:32','2025-11-04 15:19:32'),('aa456118-b991-11f0-888e-f4b5205b5b70','aa422c66-b991-11f0-888e-f4b5205b5b70','aa452264-b991-11f0-888e-f4b5205b5b70',2,'unloading',NULL,NULL,'pending',NULL,'2025-11-04 15:19:32','2025-11-04 15:19:32'),('ab8c81e7-b90c-11f0-b55b-f4b5205b5b70','ab8bade1-b90c-11f0-b55b-f4b5205b5b70','ab8c35e3-b90c-11f0-b55b-f4b5205b5b70',1,'loading',NULL,NULL,'pending',NULL,'2025-11-03 23:27:31','2025-11-03 23:27:31'),('ab8d2018-b90c-11f0-b55b-f4b5205b5b70','ab8bade1-b90c-11f0-b55b-f4b5205b5b70','ab8cf07a-b90c-11f0-b55b-f4b5205b5b70',2,'unloading',NULL,NULL,'pending',NULL,'2025-11-03 23:27:31','2025-11-03 23:27:31'),('ace49169-b90b-11f0-b55b-f4b5205b5b70','ace3d7ee-b90b-11f0-b55b-f4b5205b5b70','ace42a1e-b90b-11f0-b55b-f4b5205b5b70',1,'loading',NULL,NULL,'pending',NULL,'2025-11-03 23:20:24','2025-11-03 23:20:24'),('ace5a7df-b90b-11f0-b55b-f4b5205b5b70','ace3d7ee-b90b-11f0-b55b-f4b5205b5b70','ace4ca58-b90b-11f0-b55b-f4b5205b5b70',2,'unloading',NULL,NULL,'pending',NULL,'2025-11-03 23:20:24','2025-11-03 23:20:24'),('ae54954d-b997-11f0-888e-f4b5205b5b70','ae53eb28-b997-11f0-888e-f4b5205b5b70','ae543756-b997-11f0-888e-f4b5205b5b70',0,'origin',NULL,NULL,'pending',NULL,'2025-11-04 16:02:36','2025-11-04 16:02:36'),('ae552d64-b997-11f0-888e-f4b5205b5b70','ae53eb28-b997-11f0-888e-f4b5205b5b70','ae54cccc-b997-11f0-888e-f4b5205b5b70',1,'loading',NULL,NULL,'pending',NULL,'2025-11-04 16:02:36','2025-11-04 16:02:36'),('ae55e004-b997-11f0-888e-f4b5205b5b70','ae53eb28-b997-11f0-888e-f4b5205b5b70','ae55a509-b997-11f0-888e-f4b5205b5b70',2,'unloading',NULL,NULL,'pending',NULL,'2025-11-04 16:02:36','2025-11-04 16:02:36'),('bc336a38-b8f7-11f0-9393-f4b5205b5b70','9c0435b5-08b2-4139-9398-7ec11d544bbc','ff37a6db-b8ee-11f0-9393-f4b5205b5b70',0,'loading',NULL,NULL,'pending','{\"geofence_name\": \"PLANTA ACME - ZONA CARGA\"}','2025-11-03 20:57:37','2025-11-03 20:57:37'),('bc340b3a-b8f7-11f0-9393-f4b5205b5b70','9c0435b5-08b2-4139-9398-7ec11d544bbc','ff381d92-b8ee-11f0-9393-f4b5205b5b70',1,'unloading',NULL,NULL,'pending','{\"geofence_name\": \"BODEGA CLIENTE - GDL\"}','2025-11-03 20:57:37','2025-11-03 20:57:37'),('beb5373b-b8f4-11f0-9393-f4b5205b5b70','85086f73-9db0-49b4-afe5-4375a6c1ec1a','ff37a6db-b8ee-11f0-9393-f4b5205b5b70',0,'loading',NULL,NULL,'pending','{\"geofence_name\": \"PLANTA ACME - ZONA CARGA\"}','2025-11-03 20:36:13','2025-11-03 20:36:13'),('beb55d45-b8f4-11f0-9393-f4b5205b5b70','85086f73-9db0-49b4-afe5-4375a6c1ec1a','ff381d92-b8ee-11f0-9393-f4b5205b5b70',1,'unloading',NULL,NULL,'pending','{\"geofence_name\": \"BODEGA CLIENTE - GDL\"}','2025-11-03 20:36:13','2025-11-03 20:36:13'),('bf975a79-b995-11f0-888e-f4b5205b5b70','bf963310-b995-11f0-888e-f4b5205b5b70','bf971064-b995-11f0-888e-f4b5205b5b70',0,'origin',NULL,NULL,'pending',NULL,'2025-11-04 15:48:46','2025-11-04 15:48:46'),('bf99121f-b995-11f0-888e-f4b5205b5b70','bf963310-b995-11f0-888e-f4b5205b5b70','bf983238-b995-11f0-888e-f4b5205b5b70',1,'loading',NULL,NULL,'pending',NULL,'2025-11-04 15:48:46','2025-11-04 15:48:46'),('bf99cd41-b995-11f0-888e-f4b5205b5b70','bf963310-b995-11f0-888e-f4b5205b5b70','bf995e0b-b995-11f0-888e-f4b5205b5b70',2,'unloading',NULL,NULL,'pending',NULL,'2025-11-04 15:48:46','2025-11-04 15:48:46'),('cf90457a-b994-11f0-888e-f4b5205b5b70','cf8f7c13-b994-11f0-888e-f4b5205b5b70','cf8ffdd3-b994-11f0-888e-f4b5205b5b70',0,'origin',NULL,NULL,'pending',NULL,'2025-11-04 15:42:03','2025-11-04 15:42:03'),('cf90fdf1-b994-11f0-888e-f4b5205b5b70','cf8f7c13-b994-11f0-888e-f4b5205b5b70','cf90b9a4-b994-11f0-888e-f4b5205b5b70',1,'loading',NULL,NULL,'pending',NULL,'2025-11-04 15:42:03','2025-11-04 15:42:03'),('cf91c359-b994-11f0-888e-f4b5205b5b70','cf8f7c13-b994-11f0-888e-f4b5205b5b70','cf916102-b994-11f0-888e-f4b5205b5b70',2,'unloading',NULL,NULL,'pending',NULL,'2025-11-04 15:42:03','2025-11-04 15:42:03'),('d5d91d52-b90b-11f0-b55b-f4b5205b5b70','d5d847e7-b90b-11f0-b55b-f4b5205b5b70','d5d8da49-b90b-11f0-b55b-f4b5205b5b70',1,'loading',NULL,NULL,'pending',NULL,'2025-11-03 23:21:33','2025-11-03 23:21:33'),('d5da75a5-b90b-11f0-b55b-f4b5205b5b70','d5d847e7-b90b-11f0-b55b-f4b5205b5b70','d5da1b62-b90b-11f0-b55b-f4b5205b5b70',2,'unloading',NULL,NULL,'pending',NULL,'2025-11-03 23:21:33','2025-11-03 23:21:33'),('d8212d27-b9a9-11f0-888e-f4b5205b5b70','d8202a13-b9a9-11f0-888e-f4b5205b5b70','d820bb61-b9a9-11f0-888e-f4b5205b5b70',0,'origin',NULL,NULL,'pending',NULL,'2025-11-04 18:12:37','2025-11-04 18:12:37'),('d8229e15-b9a9-11f0-888e-f4b5205b5b70','d8202a13-b9a9-11f0-888e-f4b5205b5b70','d821a218-b9a9-11f0-888e-f4b5205b5b70',1,'loading',NULL,NULL,'pending',NULL,'2025-11-04 18:12:37','2025-11-04 18:12:37'),('d8237b40-b9a9-11f0-888e-f4b5205b5b70','d8202a13-b9a9-11f0-888e-f4b5205b5b70','d8230544-b9a9-11f0-888e-f4b5205b5b70',2,'unloading',NULL,NULL,'pending',NULL,'2025-11-04 18:12:37','2025-11-04 18:12:37'),('d98725b3-b90e-11f0-b55b-f4b5205b5b70','d985e6e1-b90e-11f0-b55b-f4b5205b5b70','d986d882-b90e-11f0-b55b-f4b5205b5b70',1,'loading',NULL,NULL,'pending',NULL,'2025-11-03 23:43:07','2025-11-03 23:43:07'),('d987e2d2-b90e-11f0-b55b-f4b5205b5b70','d985e6e1-b90e-11f0-b55b-f4b5205b5b70','d9879605-b90e-11f0-b55b-f4b5205b5b70',2,'unloading',NULL,NULL,'pending',NULL,'2025-11-03 23:43:07','2025-11-03 23:43:07'),('db9cf03d-b990-11f0-888e-f4b5205b5b70','db9a1ffd-b990-11f0-888e-f4b5205b5b70','db9c4cfa-b990-11f0-888e-f4b5205b5b70',0,'origin',NULL,NULL,'pending',NULL,'2025-11-04 15:13:45','2025-11-04 15:13:45'),('db9de4dc-b990-11f0-888e-f4b5205b5b70','db9a1ffd-b990-11f0-888e-f4b5205b5b70','db9d8429-b990-11f0-888e-f4b5205b5b70',1,'loading',NULL,NULL,'pending',NULL,'2025-11-04 15:13:45','2025-11-04 15:13:45'),('db9f0a5b-b990-11f0-888e-f4b5205b5b70','db9a1ffd-b990-11f0-888e-f4b5205b5b70','db9e6e3f-b990-11f0-888e-f4b5205b5b70',2,'unloading',NULL,NULL,'pending',NULL,'2025-11-04 15:13:45','2025-11-04 15:13:45'),('f4e84db8-b99c-11f0-888e-f4b5205b5b70','f4e62b63-b99c-11f0-888e-f4b5205b5b70','f4e70a52-b99c-11f0-888e-f4b5205b5b70',0,'origin',NULL,NULL,'pending',NULL,'2025-11-04 16:40:22','2025-11-04 16:40:22'),('f4e94ff7-b99c-11f0-888e-f4b5205b5b70','f4e62b63-b99c-11f0-888e-f4b5205b5b70','f4e90a29-b99c-11f0-888e-f4b5205b5b70',1,'loading',NULL,NULL,'pending',NULL,'2025-11-04 16:40:22','2025-11-04 16:40:22'),('f4ea3fdd-b99c-11f0-888e-f4b5205b5b70','f4e62b63-b99c-11f0-888e-f4b5205b5b70','f4e9ca00-b99c-11f0-888e-f4b5205b5b70',2,'unloading',NULL,NULL,'pending',NULL,'2025-11-04 16:40:22','2025-11-04 16:40:22'),('f6ef0fcd-b98f-11f0-888e-f4b5205b5b70','f6ec0770-b98f-11f0-888e-f4b5205b5b70','f6ed34b3-b98f-11f0-888e-f4b5205b5b70',0,'origin',NULL,NULL,'pending',NULL,'2025-11-04 15:07:22','2025-11-04 15:07:22'),('f6f07e18-b98f-11f0-888e-f4b5205b5b70','f6ec0770-b98f-11f0-888e-f4b5205b5b70','f6f02348-b98f-11f0-888e-f4b5205b5b70',1,'loading',NULL,NULL,'pending',NULL,'2025-11-04 15:07:22','2025-11-04 15:07:22'),('f6f15ebf-b98f-11f0-888e-f4b5205b5b70','f6ec0770-b98f-11f0-888e-f4b5205b5b70','f6f10693-b98f-11f0-888e-f4b5205b5b70',2,'unloading',NULL,NULL,'pending',NULL,'2025-11-04 15:07:22','2025-11-04 15:07:22'),('fb1efa84-b90b-11f0-b55b-f4b5205b5b70','fb1e3334-b90b-11f0-b55b-f4b5205b5b70','fb1e9045-b90b-11f0-b55b-f4b5205b5b70',1,'loading',NULL,NULL,'pending',NULL,'2025-11-03 23:22:35','2025-11-03 23:22:35'),('fb1fb44d-b90b-11f0-b55b-f4b5205b5b70','fb1e3334-b90b-11f0-b55b-f4b5205b5b70','fb1f43a4-b90b-11f0-b55b-f4b5205b5b70',2,'unloading',NULL,NULL,'pending',NULL,'2025-11-03 23:22:35','2025-11-03 23:22:35'),('fc6a81b4-b90a-11f0-b55b-f4b5205b5b70','fc69872e-b90a-11f0-b55b-f4b5205b5b70','fc6a2dd0-b90a-11f0-b55b-f4b5205b5b70',1,'loading',NULL,NULL,'pending',NULL,'2025-11-03 23:15:28','2025-11-03 23:15:28'),('fc6bbc27-b90a-11f0-b55b-f4b5205b5b70','fc69872e-b90a-11f0-b55b-f4b5205b5b70','fc6ae2a5-b90a-11f0-b55b-f4b5205b5b70',2,'unloading',NULL,NULL,'pending',NULL,'2025-11-03 23:15:28','2025-11-03 23:15:28'),('ff39e9dc-b8ee-11f0-9393-f4b5205b5b70','4784018a-c460-4f5d-b89f-abff4d22f7f3','ff37a6db-b8ee-11f0-9393-f4b5205b5b70',0,'loading',NULL,NULL,'pending','{}','2025-11-03 19:55:07','2025-11-03 19:55:07'),('ff3a478b-b8ee-11f0-9393-f4b5205b5b70','4784018a-c460-4f5d-b89f-abff4d22f7f3','ff381d92-b8ee-11f0-9393-f4b5205b5b70',1,'unloading',NULL,NULL,'pending','{}','2025-11-03 19:55:07','2025-11-03 19:55:07');
/*!40000 ALTER TABLE `trip_geofences` ENABLE KEYS */;

--
-- Table structure for table `trips`
--

DROP TABLE IF EXISTS `trips`;
/*!40101 SET @saved_cs_client     = @@character_set_client */;
/*!50503 SET character_set_client = utf8mb4 */;
CREATE TABLE `trips` (
  `id` varchar(36) NOT NULL DEFAULT uuid(),
  `code` varchar(50) DEFAULT NULL,
  `floatify_trip_id` varchar(255) NOT NULL,
  `customer_id` varchar(36) DEFAULT NULL,
  `unit_id` varchar(36) NOT NULL,
  `driver_id` varchar(36) DEFAULT NULL,
  `substatus` varchar(50) DEFAULT NULL,
  `origin` longtext CHARACTER SET utf8mb4 COLLATE utf8mb4_bin DEFAULT NULL CHECK (json_valid(`origin`)),
  `destination` longtext CHARACTER SET utf8mb4 COLLATE utf8mb4_bin DEFAULT NULL CHECK (json_valid(`destination`)),
  `started_at` timestamp NULL DEFAULT NULL,
  `completed_at` timestamp NULL DEFAULT NULL,
  `status` varchar(50) NOT NULL DEFAULT 'pending',
  `qr_code` varchar(255) DEFAULT NULL,
  `qr_scanned_at` timestamp NULL DEFAULT NULL,
  `trip_started_at` timestamp NULL DEFAULT NULL,
  `trip_ended_at` timestamp NULL DEFAULT NULL,
  `whatsapp_group_id` varchar(255) DEFAULT NULL,
  `whatsapp_group_name` varchar(255) DEFAULT NULL,
  `cargo_description` text DEFAULT NULL,
  `metadata` longtext CHARACTER SET utf8mb4 COLLATE utf8mb4_bin DEFAULT NULL CHECK (json_valid(`metadata`)),
  `created_at` timestamp NOT NULL DEFAULT current_timestamp(),
  `updated_at` timestamp NOT NULL DEFAULT current_timestamp() ON UPDATE current_timestamp(),
  PRIMARY KEY (`id`),
  UNIQUE KEY `floatify_trip_id` (`floatify_trip_id`),
  UNIQUE KEY `qr_code` (`qr_code`),
  UNIQUE KEY `idx_trips_code` (`code`),
  KEY `idx_floatify_trip` (`floatify_trip_id`),
  KEY `idx_unit` (`unit_id`),
  KEY `idx_driver` (`driver_id`),
  KEY `idx_status` (`status`),
  KEY `idx_qr_code` (`qr_code`),
  CONSTRAINT `trips_ibfk_1` FOREIGN KEY (`unit_id`) REFERENCES `units` (`id`) ON DELETE CASCADE,
  CONSTRAINT `trips_ibfk_2` FOREIGN KEY (`driver_id`) REFERENCES `drivers` (`id`) ON DELETE SET NULL
) ENGINE=InnoDB DEFAULT CHARSET=utf8mb4 COLLATE=utf8mb4_unicode_ci;
/*!40101 SET character_set_client = @saved_cs_client */;

--
-- Dumping data for table `trips`
--

/*!40000 ALTER TABLE `trips` DISABLE KEYS */;
INSERT INTO `trips` VALUES ('0852b4a5-b90e-11f0-b55b-f4b5205b5b70',NULL,'INTERACTIVE-20251103173716',NULL,'0850d374-b90e-11f0-b55b-f4b5205b5b70','0851d0a1-b90e-11f0-b55b-f4b5205b5b70',NULL,NULL,NULL,NULL,NULL,'pending',NULL,NULL,NULL,NULL,'120363403049510581@g.us','Viaje INTERACTIVE-20251103173716','Carga de prueba','{\"test\": true, \"created_by\": \"pytest\", \"origin\": \"Le\\u00f3n, Gto\", \"destination\": \"Guadalajara, Jal\", \"tenant_id\": 1, \"planned_start\": \"2025-01-15T10:00:00Z\", \"planned_end\": \"2025-01-15T18:00:00Z\"}','2025-11-03 23:37:16','2025-11-03 23:37:18'),('12ed1489-b994-11f0-888e-f4b5205b5b70',NULL,'TEST_FLOW_20251104093637',NULL,'ff3630b1-b8ee-11f0-9393-f4b5205b5b70','6dff1406-b98e-11f0-888e-f4b5205b5b70','rumbo_a_zona_carga',NULL,NULL,NULL,NULL,'en_ruta_carga',NULL,NULL,NULL,NULL,'120363404757944192@g.us','Viaje TEST_FLOW_20251104093637',NULL,'{\"tipo\": \"Cliente\", \"modalidad\": \"Renta\", \"priority\": \"medium\", \"origin\": \"Le\\u00f3n\", \"destination\": \"Jalisco\", \"tenant_id\": 24, \"planned_start\": \"2025-10-06T20:00:00-06:00\", \"planned_end\": \"2025-10-06T22:00:00-06:00\"}','2025-11-04 15:36:47','2025-11-04 15:37:02'),('15526a7c-b98f-11f0-888e-f4b5205b5b70',NULL,'TEST_FLOW_20251104090049',NULL,'154deacb-b98f-11f0-888e-f4b5205b5b70','6dff1406-b98e-11f0-888e-f4b5205b5b70',NULL,NULL,NULL,NULL,NULL,'pending',NULL,NULL,NULL,NULL,'120363421818896793@g.us','Viaje TEST_FLOW_20251104090049',NULL,'{\"tipo\": \"Cliente\", \"modalidad\": \"Renta\", \"priority\": \"medium\", \"origin\": \"Le\\u00f3n\", \"destination\": \"Jalisco\", \"tenant_id\": 24, \"planned_start\": \"2025-10-06T20:00:00-06:00\", \"planned_end\": \"2025-10-06T22:00:00-06:00\"}','2025-11-04 15:01:03','2025-11-04 15:01:05'),('17561849-b991-11f0-888e-f4b5205b5b70',NULL,'TEST_FLOW_20251104091517',NULL,'ff3630b1-b8ee-11f0-9393-f4b5205b5b70','6dff1406-b98e-11f0-888e-f4b5205b5b70','rumbo_a_zona_carga',NULL,NULL,NULL,NULL,'en_ruta_carga',NULL,NULL,NULL,NULL,'120363422253008562@g.us','Viaje TEST_FLOW_20251104091517',NULL,'{\"tipo\": \"Cliente\", \"modalidad\": \"Renta\", \"priority\": \"medium\", \"origin\": \"Le\\u00f3n\", \"destination\": \"Jalisco\", \"tenant_id\": 24, \"planned_start\": \"2025-10-06T20:00:00-06:00\", \"planned_end\": \"2025-10-06T22:00:00-06:00\"}','2025-11-04 15:15:26','2025-11-04 15:15:39'),('1c297127-b90c-11f0-b55b-f4b5205b5b70',NULL,'GEO_ENTRY-20251103172331',NULL,'1c27e6ab-b90c-11f0-b55b-f4b5205b5b70',NULL,NULL,NULL,NULL,NULL,NULL,'pending',NULL,NULL,NULL,NULL,'120363406562137331@g.us','Viaje GEO_ENTRY-20251103172331','Carga de prueba','{\"test\": true, \"created_by\": \"pytest\", \"origin\": \"Le\\u00f3n, Gto\", \"destination\": \"Guadalajara, Jal\", \"tenant_id\": 1, \"planned_start\": \"2025-01-15T10:00:00Z\", \"planned_end\": \"2025-01-15T18:00:00Z\"}','2025-11-03 23:23:31','2025-11-03 23:23:32'),('1cea874c-b90e-11f0-b55b-f4b5205b5b70',NULL,'INTERACTIVE-20251103173751',NULL,'1ce91aee-b90e-11f0-b55b-f4b5205b5b70','0851d0a1-b90e-11f0-b55b-f4b5205b5b70',NULL,NULL,NULL,NULL,NULL,'pending',NULL,NULL,NULL,NULL,'120363422965494954@g.us','Viaje INTERACTIVE-20251103173751','Carga de prueba','{\"test\": true, \"created_by\": \"pytest\", \"origin\": \"Le\\u00f3n, Gto\", \"destination\": \"Guadalajara, Jal\", \"tenant_id\": 1, \"planned_start\": \"2025-01-15T10:00:00Z\", \"planned_end\": \"2025-01-15T18:00:00Z\"}','2025-11-03 23:37:51','2025-11-03 23:37:52'),('2d9425cc-b90e-11f0-b55b-f4b5205b5b70',NULL,'INTERACTIVE-20251103173819',NULL,'2d929c34-b90e-11f0-b55b-f4b5205b5b70','0851d0a1-b90e-11f0-b55b-f4b5205b5b70','esperando_inicio_carga',NULL,NULL,NULL,NULL,'en_zona_carga',NULL,NULL,NULL,NULL,'120363403436249760@g.us','Viaje INTERACTIVE-20251103173819','Carga de prueba','{\"test\": true, \"created_by\": \"pytest\", \"origin\": \"Le\\u00f3n, Gto\", \"destination\": \"Guadalajara, Jal\", \"tenant_id\": 1, \"planned_start\": \"2025-01-15T10:00:00Z\", \"planned_end\": \"2025-01-15T18:00:00Z\"}','2025-11-03 23:38:19','2025-11-03 23:38:21'),('3da21e26-b998-11f0-888e-f4b5205b5b70',NULL,'TEST_FLOW_20251104100628',NULL,'ff3630b1-b8ee-11f0-9393-f4b5205b5b70','6dff1406-b98e-11f0-888e-f4b5205b5b70','esperando_inicio_carga',NULL,NULL,NULL,NULL,'en_zona_carga',NULL,NULL,NULL,NULL,'120363421305152904@g.us','Viaje TEST_FLOW_20251104100628',NULL,'{\"tipo\": \"Cliente\", \"modalidad\": \"Renta\", \"priority\": \"medium\", \"origin\": \"Le\\u00f3n\", \"destination\": \"Jalisco\", \"tenant_id\": 24, \"planned_start\": \"2025-10-06T20:00:00-06:00\", \"planned_end\": \"2025-10-06T22:00:00-06:00\"}','2025-11-04 16:06:36','2025-11-04 16:06:56'),('43afe6fc-b90c-11f0-b55b-f4b5205b5b70',NULL,'GEO_ENTRY-20251103172437',NULL,'43af0452-b90c-11f0-b55b-f4b5205b5b70',NULL,NULL,NULL,NULL,NULL,NULL,'pending',NULL,NULL,NULL,NULL,'120363404888922658@g.us','Viaje GEO_ENTRY-20251103172437','Carga de prueba','{\"test\": true, \"created_by\": \"pytest\", \"origin\": \"Le\\u00f3n, Gto\", \"destination\": \"Guadalajara, Jal\", \"tenant_id\": 1, \"planned_start\": \"2025-01-15T10:00:00Z\", \"planned_end\": \"2025-01-15T18:00:00Z\"}','2025-11-03 23:24:37','2025-11-03 23:24:38'),('46158006-b9a2-11f0-888e-f4b5205b5b70',NULL,'TEST_FLOW_20251104111820',NULL,'ff3630b1-b8ee-11f0-9393-f4b5205b5b70','6dff1406-b98e-11f0-888e-f4b5205b5b70','rumbo_a_matriz',NULL,NULL,NULL,NULL,'en_ruta_destino',NULL,NULL,NULL,NULL,'120363421211127674@g.us','Viaje TEST_FLOW_20251104111820',NULL,'{\"tipo\": \"Cliente\", \"modalidad\": \"Renta\", \"priority\": \"medium\", \"origin\": \"Le\\u00f3n\", \"destination\": \"Jalisco\", \"tenant_id\": 24, \"planned_start\": \"2025-10-06T20:00:00-06:00\", \"planned_end\": \"2025-10-06T22:00:00-06:00\"}','2025-11-04 17:18:26','2025-11-04 17:21:47'),('4784018a-c460-4f5d-b89f-abff4d22f7f3',NULL,'12345',NULL,'ff3630b1-b8ee-11f0-9393-f4b5205b5b70','8010db08-b8ed-11f0-ba42-f4b5205b5b70',NULL,NULL,NULL,NULL,NULL,'in_progress','QR-TEST-123',NULL,NULL,NULL,NULL,NULL,'Mercancía general - 15 toneladas','{\"tenant_id\": 24, \"customer_name\": \"CLIENTE DEMO SA DE CV\", \"origin\": \"Le\\u00f3n, Guanajuato\", \"destination\": \"Guadalajara, Jalisco\"}','2025-11-03 19:55:07','2025-11-03 19:55:09'),('491c3649-b9b1-11f0-888e-f4b5205b5b70',NULL,'TEST_FLOW_20251104130545',NULL,'ff3630b1-b8ee-11f0-9393-f4b5205b5b70','6dff1406-b98e-11f0-888e-f4b5205b5b70','esperando_inicio_carga',NULL,NULL,NULL,NULL,'en_zona_carga',NULL,NULL,NULL,NULL,'120363405702529153@g.us','Viaje TEST_FLOW_20251104130545',NULL,'{\"tipo\": \"Cliente\", \"modalidad\": \"Renta\", \"priority\": \"medium\", \"origin\": \"Le\\u00f3n\", \"destination\": \"Jalisco\", \"tenant_id\": 24, \"planned_start\": \"2025-10-06T20:00:00-06:00\", \"planned_end\": \"2025-10-06T22:00:00-06:00\"}','2025-11-04 19:05:53','2025-11-04 19:06:16'),('4b5e72f4-b90e-11f0-b55b-f4b5205b5b70',NULL,'INTERACTIVE-20251103173909',NULL,'4b5cf53c-b90e-11f0-b55b-f4b5205b5b70','0851d0a1-b90e-11f0-b55b-f4b5205b5b70','esperando_inicio_carga',NULL,NULL,NULL,NULL,'en_zona_carga',NULL,NULL,NULL,NULL,'120363404141177140@g.us','Viaje INTERACTIVE-20251103173909','Carga de prueba','{\"test\": true, \"created_by\": \"pytest\", \"origin\": \"Le\\u00f3n, Gto\", \"destination\": \"Guadalajara, Jal\", \"tenant_id\": 1, \"planned_start\": \"2025-01-15T10:00:00Z\", \"planned_end\": \"2025-01-15T18:00:00Z\"}','2025-11-03 23:39:09','2025-11-03 23:39:11'),('4caf1dd9-b992-11f0-888e-f4b5205b5b70',NULL,'TEST_FLOW_20251104092357',NULL,'ff3630b1-b8ee-11f0-9393-f4b5205b5b70','6dff1406-b98e-11f0-888e-f4b5205b5b70','rumbo_a_zona_carga',NULL,NULL,NULL,NULL,'en_ruta_carga',NULL,NULL,NULL,NULL,'120363421764430948@g.us','Viaje TEST_FLOW_20251104092357',NULL,'{\"tipo\": \"Cliente\", \"modalidad\": \"Renta\", \"priority\": \"medium\", \"origin\": \"Le\\u00f3n\", \"destination\": \"Jalisco\", \"tenant_id\": 24, \"planned_start\": \"2025-10-06T20:00:00-06:00\", \"planned_end\": \"2025-10-06T22:00:00-06:00\"}','2025-11-04 15:24:05','2025-11-04 15:24:15'),('4f39c1a4-b990-11f0-888e-f4b5205b5b70',NULL,'TEST_FLOW_20251104090943',NULL,'ff3630b1-b8ee-11f0-9393-f4b5205b5b70','6dff1406-b98e-11f0-888e-f4b5205b5b70',NULL,NULL,NULL,NULL,NULL,'pending',NULL,NULL,NULL,NULL,'120363403765563654@g.us','Viaje TEST_FLOW_20251104090943',NULL,'{\"tipo\": \"Cliente\", \"modalidad\": \"Renta\", \"priority\": \"medium\", \"origin\": \"Le\\u00f3n\", \"destination\": \"Jalisco\", \"tenant_id\": 24, \"planned_start\": \"2025-10-06T20:00:00-06:00\", \"planned_end\": \"2025-10-06T22:00:00-06:00\"}','2025-11-04 15:09:50','2025-11-04 15:09:52'),('536937fd-b996-11f0-888e-f4b5205b5b70',NULL,'TEST_FLOW_20251104095243',NULL,'ff3630b1-b8ee-11f0-9393-f4b5205b5b70','6dff1406-b98e-11f0-888e-f4b5205b5b70','esperando_inicio_carga',NULL,NULL,NULL,NULL,'en_zona_carga',NULL,NULL,NULL,NULL,'120363402903983721@g.us','Viaje TEST_FLOW_20251104095243',NULL,'{\"tipo\": \"Cliente\", \"modalidad\": \"Renta\", \"priority\": \"medium\", \"origin\": \"Le\\u00f3n\", \"destination\": \"Jalisco\", \"tenant_id\": 24, \"planned_start\": \"2025-10-06T20:00:00-06:00\", \"planned_end\": \"2025-10-06T22:00:00-06:00\"}','2025-11-04 15:52:54','2025-11-04 15:53:22'),('5e138023-b90c-11f0-b55b-f4b5205b5b70',NULL,'GEO_ENTRY-20251103172521',NULL,'5e12825c-b90c-11f0-b55b-f4b5205b5b70',NULL,NULL,NULL,NULL,NULL,NULL,'pending',NULL,NULL,NULL,NULL,'120363423677953176@g.us','Viaje GEO_ENTRY-20251103172521','Carga de prueba','{\"test\": true, \"created_by\": \"pytest\", \"origin\": \"Le\\u00f3n, Gto\", \"destination\": \"Guadalajara, Jal\", \"tenant_id\": 1, \"planned_start\": \"2025-01-15T10:00:00Z\", \"planned_end\": \"2025-01-15T18:00:00Z\"}','2025-11-03 23:25:21','2025-11-03 23:25:22'),('627509ff-b90b-11f0-b55b-f4b5205b5b70',NULL,'GEO_ENTRY-20251103171819',NULL,'62736a9b-b90b-11f0-b55b-f4b5205b5b70',NULL,NULL,NULL,NULL,NULL,NULL,'pending',NULL,NULL,NULL,NULL,'120363422637285163@g.us','Viaje GEO_ENTRY-20251103171819','Carga de prueba','{\"test\": true, \"created_by\": \"pytest\", \"origin\": \"Le\\u00f3n, Gto\", \"destination\": \"Guadalajara, Jal\", \"tenant_id\": 1, \"planned_start\": \"2025-01-15T10:00:00Z\", \"planned_end\": \"2025-01-15T18:00:00Z\"}','2025-11-03 23:18:19','2025-11-03 23:18:20'),('6417ac08-b90d-11f0-b55b-f4b5205b5b70',NULL,'GEO_ENTRY-20251103173241',NULL,'6416cfec-b90d-11f0-b55b-f4b5205b5b70',NULL,'esperando_inicio_carga',NULL,NULL,NULL,NULL,'en_zona_carga',NULL,NULL,NULL,NULL,'120363403667798470@g.us','Viaje GEO_ENTRY-20251103173241','Carga de prueba','{\"test\": true, \"created_by\": \"pytest\", \"origin\": \"Le\\u00f3n, Gto\", \"destination\": \"Guadalajara, Jal\", \"tenant_id\": 1, \"planned_start\": \"2025-01-15T10:00:00Z\", \"planned_end\": \"2025-01-15T18:00:00Z\"}','2025-11-03 23:32:41','2025-11-03 23:32:43'),('643a2693-b9a8-11f0-888e-f4b5205b5b70',NULL,'TEST_FLOW_20251104120159',NULL,'ff3630b1-b8ee-11f0-9393-f4b5205b5b70','6dff1406-b98e-11f0-888e-f4b5205b5b70','waiting_yard_instructions',NULL,NULL,NULL,NULL,'en_ruta_destino',NULL,NULL,NULL,NULL,'120363404205309874@g.us','Viaje TEST_FLOW_20251104120159',NULL,'{\"tipo\": \"Cliente\", \"modalidad\": \"Renta\", \"priority\": \"medium\", \"origin\": \"Le\\u00f3n\", \"destination\": \"Jalisco\", \"tenant_id\": 24, \"planned_start\": \"2025-10-06T20:00:00-06:00\", \"planned_end\": \"2025-10-06T22:00:00-06:00\"}','2025-11-04 18:02:13','2025-11-04 18:05:46'),('6e002be8-b98e-11f0-888e-f4b5205b5b70',NULL,'TEST_FLOW_20251104085328',NULL,'6dfe083a-b98e-11f0-888e-f4b5205b5b70','6dff1406-b98e-11f0-888e-f4b5205b5b70',NULL,NULL,NULL,NULL,NULL,'pending',NULL,NULL,NULL,NULL,'120363422046456790@g.us','Viaje TEST_FLOW_20251104085328',NULL,'{\"tipo\": \"Cliente\", \"modalidad\": \"Renta\", \"priority\": \"medium\", \"origin\": \"Le\\u00f3n\", \"destination\": \"Jalisco\", \"tenant_id\": 24, \"planned_start\": \"2025-10-06T20:00:00-06:00\", \"planned_end\": \"2025-10-06T22:00:00-06:00\"}','2025-11-04 14:56:23','2025-11-04 14:56:25'),('724b3483-b90c-11f0-b55b-f4b5205b5b70',NULL,'GEO_ENTRY-20251103172555',NULL,'7249c9e0-b90c-11f0-b55b-f4b5205b5b70',NULL,NULL,NULL,NULL,NULL,NULL,'pending',NULL,NULL,NULL,NULL,'120363420845102771@g.us','Viaje GEO_ENTRY-20251103172555','Carga de prueba','{\"test\": true, \"created_by\": \"pytest\", \"origin\": \"Le\\u00f3n, Gto\", \"destination\": \"Guadalajara, Jal\", \"tenant_id\": 1, \"planned_start\": \"2025-01-15T10:00:00Z\", \"planned_end\": \"2025-01-15T18:00:00Z\"}','2025-11-03 23:25:55','2025-11-03 23:25:56'),('76d94641-b90b-11f0-b55b-f4b5205b5b70',NULL,'GEO_ENTRY-20251103171853',NULL,'76d81a79-b90b-11f0-b55b-f4b5205b5b70',NULL,NULL,NULL,NULL,NULL,NULL,'pending',NULL,NULL,NULL,NULL,'120363422206442635@g.us','Viaje GEO_ENTRY-20251103171853','Carga de prueba','{\"test\": true, \"created_by\": \"pytest\", \"origin\": \"Le\\u00f3n, Gto\", \"destination\": \"Guadalajara, Jal\", \"tenant_id\": 1, \"planned_start\": \"2025-01-15T10:00:00Z\", \"planned_end\": \"2025-01-15T18:00:00Z\"}','2025-11-03 23:18:53','2025-11-03 23:18:54'),('79701666-b9ab-11f0-888e-f4b5205b5b70',NULL,'TEST_FLOW_20251104122406',NULL,'ff3630b1-b8ee-11f0-9393-f4b5205b5b70','6dff1406-b98e-11f0-888e-f4b5205b5b70','en_ruta_siguiente_destino',NULL,NULL,NULL,NULL,'en_zona_descarga',NULL,NULL,NULL,NULL,'120363403638970775@g.us','Viaje TEST_FLOW_20251104122406',NULL,'{\"tipo\": \"Cliente\", \"modalidad\": \"Renta\", \"priority\": \"medium\", \"origin\": \"Le\\u00f3n\", \"destination\": \"Jalisco\", \"tenant_id\": 24, \"planned_start\": \"2025-10-06T20:00:00-06:00\", \"planned_end\": \"2025-10-06T22:00:00-06:00\"}','2025-11-04 18:24:17','2025-11-04 18:27:32'),('7f8e6b38-b98f-11f0-888e-f4b5205b5b70',NULL,'TEST_FLOW_20251104090347',NULL,'ff3630b1-b8ee-11f0-9393-f4b5205b5b70','6dff1406-b98e-11f0-888e-f4b5205b5b70',NULL,NULL,NULL,NULL,NULL,'pending',NULL,NULL,NULL,NULL,'120363423149206063@g.us','Viaje TEST_FLOW_20251104090347',NULL,'{\"tipo\": \"Cliente\", \"modalidad\": \"Renta\", \"priority\": \"medium\", \"origin\": \"Le\\u00f3n\", \"destination\": \"Jalisco\", \"tenant_id\": 24, \"planned_start\": \"2025-10-06T20:00:00-06:00\", \"planned_end\": \"2025-10-06T22:00:00-06:00\"}','2025-11-04 15:04:01','2025-11-04 15:04:03'),('8245ea85-b90a-11f0-b55b-f4b5205b5b70',NULL,'GEO_ENTRY-20251103171203',NULL,'82446f99-b90a-11f0-b55b-f4b5205b5b70',NULL,NULL,NULL,NULL,NULL,NULL,'pending',NULL,NULL,NULL,NULL,'120363405975264538@g.us','Viaje GEO_ENTRY-20251103171203','Carga de prueba','{\"test\": true, \"created_by\": \"pytest\", \"origin\": \"Le\\u00f3n, Gto\", \"destination\": \"Guadalajara, Jal\", \"tenant_id\": 1, \"planned_start\": \"2025-01-15T10:00:00Z\", \"planned_end\": \"2025-01-15T18:00:00Z\"}','2025-11-03 23:12:03','2025-11-03 23:12:04'),('85086f73-9db0-49b4-afe5-4375a6c1ec1a',NULL,'320194',NULL,'ff3630b1-b8ee-11f0-9393-f4b5205b5b70','8010db08-b8ed-11f0-ba42-f4b5205b5b70',NULL,NULL,NULL,NULL,NULL,'in_progress','QR-61312',NULL,NULL,NULL,'120363405391065899@g.us','VIAJE-20251103-143613 - CLIENTE DEMO SA DE CV','Mercancía general - 15 toneladas','{\"tenant_id\": 24, \"customer_name\": \"CLIENTE DEMO SA DE CV\", \"origin\": \"Le\\u00f3n, Guanajuato\", \"destination\": \"Guadalajara, Jalisco\", \"substatus\": \"esperando_inicio_carga\"}','2025-11-03 20:36:13','2025-11-03 20:57:46'),('857c0de7-b90c-11f0-b55b-f4b5205b5b70',NULL,'GEO_ENTRY-20251103172627',NULL,'857b35ef-b90c-11f0-b55b-f4b5205b5b70',NULL,NULL,NULL,NULL,NULL,NULL,'pending',NULL,NULL,NULL,NULL,'120363406178877404@g.us','Viaje GEO_ENTRY-20251103172627','Carga de prueba','{\"test\": true, \"created_by\": \"pytest\", \"origin\": \"Le\\u00f3n, Gto\", \"destination\": \"Guadalajara, Jal\", \"tenant_id\": 1, \"planned_start\": \"2025-01-15T10:00:00Z\", \"planned_end\": \"2025-01-15T18:00:00Z\"}','2025-11-03 23:26:27','2025-11-03 23:26:28'),('86877c6c-b99d-11f0-888e-f4b5205b5b70',NULL,'TEST_FLOW_20251104104419',NULL,'ff3630b1-b8ee-11f0-9393-f4b5205b5b70','6dff1406-b98e-11f0-888e-f4b5205b5b70','esperando_inicio_carga',NULL,NULL,NULL,NULL,'en_zona_carga',NULL,NULL,NULL,NULL,'120363404629424294@g.us','Viaje TEST_FLOW_20251104104419',NULL,'{\"tipo\": \"Cliente\", \"modalidad\": \"Renta\", \"priority\": \"medium\", \"origin\": \"Le\\u00f3n\", \"destination\": \"Jalisco\", \"tenant_id\": 24, \"planned_start\": \"2025-10-06T20:00:00-06:00\", \"planned_end\": \"2025-10-06T22:00:00-06:00\"}','2025-11-04 16:44:26','2025-11-04 16:44:42'),('87835f2a-b907-11f0-9393-f4b5205b5b70',NULL,'GEO_ENTRY-20251103165041',NULL,'878218d1-b907-11f0-9393-f4b5205b5b70',NULL,NULL,NULL,NULL,NULL,NULL,'pending',NULL,NULL,NULL,NULL,'120363405570554097@g.us','Viaje GEO_ENTRY-20251103165041','Carga de prueba','{\"test\": true, \"created_by\": \"pytest\", \"origin\": \"Le\\u00f3n, Gto\", \"destination\": \"Guadalajara, Jal\", \"tenant_id\": 1, \"planned_start\": \"2025-01-15T10:00:00Z\", \"planned_end\": \"2025-01-15T18:00:00Z\"}','2025-11-03 22:50:41','2025-11-03 22:50:42'),('98119d25-b90c-11f0-b55b-f4b5205b5b70',NULL,'GEO_ENTRY-20251103172659',NULL,'9810383b-b90c-11f0-b55b-f4b5205b5b70',NULL,'esperando_inicio_carga',NULL,NULL,NULL,NULL,'en_zona_carga',NULL,NULL,NULL,NULL,'120363407153982819@g.us','Viaje GEO_ENTRY-20251103172659','Carga de prueba','{\"test\": true, \"created_by\": \"pytest\", \"origin\": \"Le\\u00f3n, Gto\", \"destination\": \"Guadalajara, Jal\", \"tenant_id\": 1, \"planned_start\": \"2025-01-15T10:00:00Z\", \"planned_end\": \"2025-01-15T18:00:00Z\"}','2025-11-03 23:26:59','2025-11-03 23:27:00'),('9c0435b5-08b2-4139-9398-7ec11d544bbc',NULL,'886541',NULL,'ff3630b1-b8ee-11f0-9393-f4b5205b5b70','8010db08-b8ed-11f0-ba42-f4b5205b5b70',NULL,NULL,NULL,NULL,NULL,'in_progress','QR-93677',NULL,NULL,NULL,'120363402874373832@g.us','VIAJE-20251103-145737 - CLIENTE DEMO SA DE CV','Mercancía general - 15 toneladas','{\"tenant_id\": 24, \"customer_name\": \"CLIENTE DEMO SA DE CV\", \"origin\": \"Le\\u00f3n, Guanajuato\", \"destination\": \"Guadalajara, Jalisco\", \"substatus\": \"esperando_inicio_descarga\"}','2025-11-03 20:57:37','2025-11-03 20:58:08'),('9c6dd3de-b90a-11f0-b55b-f4b5205b5b70',NULL,'GEO_ENTRY-20251103171247',NULL,'9c6bac90-b90a-11f0-b55b-f4b5205b5b70',NULL,NULL,NULL,NULL,NULL,NULL,'pending',NULL,NULL,NULL,NULL,'120363404992292432@g.us','Viaje GEO_ENTRY-20251103171247','Carga de prueba','{\"test\": true, \"created_by\": \"pytest\", \"origin\": \"Le\\u00f3n, Gto\", \"destination\": \"Guadalajara, Jal\", \"tenant_id\": 1, \"planned_start\": \"2025-01-15T10:00:00Z\", \"planned_end\": \"2025-01-15T18:00:00Z\"}','2025-11-03 23:12:47','2025-11-03 23:12:48'),('a019b809-b999-11f0-888e-f4b5205b5b70',NULL,'TEST_FLOW_20251104101623',NULL,'ff3630b1-b8ee-11f0-9393-f4b5205b5b70','6dff1406-b98e-11f0-888e-f4b5205b5b70','esperando_inicio_carga',NULL,NULL,NULL,NULL,'en_zona_carga',NULL,NULL,NULL,NULL,'120363421688497664@g.us','Viaje TEST_FLOW_20251104101623',NULL,'{\"tipo\": \"Cliente\", \"modalidad\": \"Renta\", \"priority\": \"medium\", \"origin\": \"Le\\u00f3n\", \"destination\": \"Jalisco\", \"tenant_id\": 24, \"planned_start\": \"2025-10-06T20:00:00-06:00\", \"planned_end\": \"2025-10-06T22:00:00-06:00\"}','2025-11-04 16:16:31','2025-11-04 16:16:47'),('a7d140a9-b99e-11f0-888e-f4b5205b5b70',NULL,'TEST_FLOW_20251104105213',NULL,'ff3630b1-b8ee-11f0-9393-f4b5205b5b70','6dff1406-b98e-11f0-888e-f4b5205b5b70','esperando_turno_carga',NULL,NULL,NULL,NULL,'en_zona_carga',NULL,NULL,NULL,NULL,'120363423044511726@g.us','Viaje TEST_FLOW_20251104105213',NULL,'{\"tipo\": \"Cliente\", \"modalidad\": \"Renta\", \"priority\": \"medium\", \"origin\": \"Le\\u00f3n\", \"destination\": \"Jalisco\", \"tenant_id\": 24, \"planned_start\": \"2025-10-06T20:00:00-06:00\", \"planned_end\": \"2025-10-06T22:00:00-06:00\"}','2025-11-04 16:52:31','2025-11-04 17:17:16'),('aa422c66-b991-11f0-888e-f4b5205b5b70',NULL,'TEST_FLOW_20251104091926',NULL,'ff3630b1-b8ee-11f0-9393-f4b5205b5b70','6dff1406-b98e-11f0-888e-f4b5205b5b70','rumbo_a_zona_carga',NULL,NULL,NULL,NULL,'en_ruta_carga',NULL,NULL,NULL,NULL,'120363404398194924@g.us','Viaje TEST_FLOW_20251104091926',NULL,'{\"tipo\": \"Cliente\", \"modalidad\": \"Renta\", \"priority\": \"medium\", \"origin\": \"Le\\u00f3n\", \"destination\": \"Jalisco\", \"tenant_id\": 24, \"planned_start\": \"2025-10-06T20:00:00-06:00\", \"planned_end\": \"2025-10-06T22:00:00-06:00\"}','2025-11-04 15:19:32','2025-11-04 15:19:48'),('ab8bade1-b90c-11f0-b55b-f4b5205b5b70',NULL,'GEO_ENTRY-20251103172731',NULL,'ab8a2e8a-b90c-11f0-b55b-f4b5205b5b70',NULL,'esperando_inicio_carga',NULL,NULL,NULL,NULL,'en_zona_carga',NULL,NULL,NULL,NULL,'120363405029621045@g.us','Viaje GEO_ENTRY-20251103172731','Carga de prueba','{\"test\": true, \"created_by\": \"pytest\", \"origin\": \"Le\\u00f3n, Gto\", \"destination\": \"Guadalajara, Jal\", \"tenant_id\": 1, \"planned_start\": \"2025-01-15T10:00:00Z\", \"planned_end\": \"2025-01-15T18:00:00Z\"}','2025-11-03 23:27:31','2025-11-03 23:27:33'),('ace3d7ee-b90b-11f0-b55b-f4b5205b5b70',NULL,'GEO_ENTRY-20251103172024',NULL,'ace23d63-b90b-11f0-b55b-f4b5205b5b70',NULL,NULL,NULL,NULL,NULL,NULL,'pending',NULL,NULL,NULL,NULL,'120363424442868118@g.us','Viaje GEO_ENTRY-20251103172024','Carga de prueba','{\"test\": true, \"created_by\": \"pytest\", \"origin\": \"Le\\u00f3n, Gto\", \"destination\": \"Guadalajara, Jal\", \"tenant_id\": 1, \"planned_start\": \"2025-01-15T10:00:00Z\", \"planned_end\": \"2025-01-15T18:00:00Z\"}','2025-11-03 23:20:24','2025-11-03 23:20:25'),('ae53eb28-b997-11f0-888e-f4b5205b5b70',NULL,'TEST_FLOW_20251104100230',NULL,'ff3630b1-b8ee-11f0-9393-f4b5205b5b70','6dff1406-b98e-11f0-888e-f4b5205b5b70','esperando_inicio_carga',NULL,NULL,NULL,NULL,'en_zona_carga',NULL,NULL,NULL,NULL,'120363422359689137@g.us','Viaje TEST_FLOW_20251104100230',NULL,'{\"tipo\": \"Cliente\", \"modalidad\": \"Renta\", \"priority\": \"medium\", \"origin\": \"Le\\u00f3n\", \"destination\": \"Jalisco\", \"tenant_id\": 24, \"planned_start\": \"2025-10-06T20:00:00-06:00\", \"planned_end\": \"2025-10-06T22:00:00-06:00\"}','2025-11-04 16:02:36','2025-11-04 16:02:54'),('bf963310-b995-11f0-888e-f4b5205b5b70',NULL,'TEST_FLOW_20251104094833',NULL,'ff3630b1-b8ee-11f0-9393-f4b5205b5b70','6dff1406-b98e-11f0-888e-f4b5205b5b70','rumbo_a_zona_carga',NULL,NULL,NULL,NULL,'en_ruta_carga',NULL,NULL,NULL,NULL,'120363405014914247@g.us','Viaje TEST_FLOW_20251104094833',NULL,'{\"tipo\": \"Cliente\", \"modalidad\": \"Renta\", \"priority\": \"medium\", \"origin\": \"Le\\u00f3n\", \"destination\": \"Jalisco\", \"tenant_id\": 24, \"planned_start\": \"2025-10-06T20:00:00-06:00\", \"planned_end\": \"2025-10-06T22:00:00-06:00\"}','2025-11-04 15:48:46','2025-11-04 15:48:55'),('cf8f7c13-b994-11f0-888e-f4b5205b5b70',NULL,'TEST_FLOW_20251104094156',NULL,'ff3630b1-b8ee-11f0-9393-f4b5205b5b70','6dff1406-b98e-11f0-888e-f4b5205b5b70','rumbo_a_zona_carga',NULL,NULL,NULL,NULL,'en_ruta_carga',NULL,NULL,NULL,NULL,'120363421223607812@g.us','Viaje TEST_FLOW_20251104094156',NULL,'{\"tipo\": \"Cliente\", \"modalidad\": \"Renta\", \"priority\": \"medium\", \"origin\": \"Le\\u00f3n\", \"destination\": \"Jalisco\", \"tenant_id\": 24, \"planned_start\": \"2025-10-06T20:00:00-06:00\", \"planned_end\": \"2025-10-06T22:00:00-06:00\"}','2025-11-04 15:42:03','2025-11-04 15:42:29'),('d5d847e7-b90b-11f0-b55b-f4b5205b5b70',NULL,'GEO_ENTRY-20251103172133',NULL,'d5d7102e-b90b-11f0-b55b-f4b5205b5b70',NULL,NULL,NULL,NULL,NULL,NULL,'pending',NULL,NULL,NULL,NULL,'120363420928675042@g.us','Viaje GEO_ENTRY-20251103172133','Carga de prueba','{\"test\": true, \"created_by\": \"pytest\", \"origin\": \"Le\\u00f3n, Gto\", \"destination\": \"Guadalajara, Jal\", \"tenant_id\": 1, \"planned_start\": \"2025-01-15T10:00:00Z\", \"planned_end\": \"2025-01-15T18:00:00Z\"}','2025-11-03 23:21:33','2025-11-03 23:21:34'),('d8202a13-b9a9-11f0-888e-f4b5205b5b70',NULL,'TEST_FLOW_20251104121227',NULL,'ff3630b1-b8ee-11f0-9393-f4b5205b5b70','6dff1406-b98e-11f0-888e-f4b5205b5b70','waiting_for_unloading_slot',NULL,NULL,NULL,NULL,'en_zona_carga',NULL,NULL,NULL,NULL,'120363405088399642@g.us','Viaje TEST_FLOW_20251104121227',NULL,'{\"tipo\": \"Cliente\", \"modalidad\": \"Renta\", \"priority\": \"medium\", \"origin\": \"Le\\u00f3n\", \"destination\": \"Jalisco\", \"tenant_id\": 24, \"planned_start\": \"2025-10-06T20:00:00-06:00\", \"planned_end\": \"2025-10-06T22:00:00-06:00\"}','2025-11-04 18:12:37','2025-11-04 18:15:22'),('d86fdcb0-c35b-40e6-98f9-a08b2598bec5',NULL,'996750',NULL,'ff3630b1-b8ee-11f0-9393-f4b5205b5b70','8010db08-b8ed-11f0-ba42-f4b5205b5b70',NULL,NULL,NULL,NULL,NULL,'in_progress','QR-46628',NULL,NULL,NULL,'120363420840730096@g.us','TEST-20251103-142807 - CLIENTE DEMO SA DE CV','Mercancía general - 15 toneladas','{\"tenant_id\": 24, \"customer_name\": \"CLIENTE DEMO SA DE CV\", \"origin\": \"Le\\u00f3n, Guanajuato\", \"destination\": \"Guadalajara, Jalisco\"}','2025-11-03 20:28:07','2025-11-03 20:28:14'),('d985e6e1-b90e-11f0-b55b-f4b5205b5b70',NULL,'E2E_FULL-20251103174307',NULL,'d984fe73-b90e-11f0-b55b-f4b5205b5b70','0851d0a1-b90e-11f0-b55b-f4b5205b5b70','esperando_inicio_carga',NULL,NULL,NULL,NULL,'en_zona_carga',NULL,NULL,NULL,NULL,'120363421738270645@g.us','Viaje E2E_FULL-20251103174307','Carga de prueba','{\"test\": true, \"created_by\": \"pytest\", \"origin\": \"Le\\u00f3n, Gto\", \"destination\": \"Guadalajara, Jal\", \"tenant_id\": 1, \"planned_start\": \"2025-01-15T10:00:00Z\", \"planned_end\": \"2025-01-15T18:00:00Z\"}','2025-11-03 23:43:07','2025-11-03 23:45:07'),('db9a1ffd-b990-11f0-888e-f4b5205b5b70',NULL,'TEST_FLOW_20251104091337',NULL,'ff3630b1-b8ee-11f0-9393-f4b5205b5b70','6dff1406-b98e-11f0-888e-f4b5205b5b70',NULL,NULL,NULL,NULL,NULL,'pending',NULL,NULL,NULL,NULL,'120363422168570180@g.us','Viaje TEST_FLOW_20251104091337',NULL,'{\"tipo\": \"Cliente\", \"modalidad\": \"Renta\", \"priority\": \"medium\", \"origin\": \"Le\\u00f3n\", \"destination\": \"Jalisco\", \"tenant_id\": 24, \"planned_start\": \"2025-10-06T20:00:00-06:00\", \"planned_end\": \"2025-10-06T22:00:00-06:00\"}','2025-11-04 15:13:45','2025-11-04 15:13:47'),('f4e62b63-b99c-11f0-888e-f4b5205b5b70',NULL,'TEST_FLOW_20251104104015',NULL,'ff3630b1-b8ee-11f0-9393-f4b5205b5b70','6dff1406-b98e-11f0-888e-f4b5205b5b70','esperando_inicio_carga',NULL,NULL,NULL,NULL,'en_zona_carga',NULL,NULL,NULL,NULL,'120363421821593358@g.us','Viaje TEST_FLOW_20251104104015',NULL,'{\"tipo\": \"Cliente\", \"modalidad\": \"Renta\", \"priority\": \"medium\", \"origin\": \"Le\\u00f3n\", \"destination\": \"Jalisco\", \"tenant_id\": 24, \"planned_start\": \"2025-10-06T20:00:00-06:00\", \"planned_end\": \"2025-10-06T22:00:00-06:00\"}','2025-11-04 16:40:22','2025-11-04 16:41:11'),('f6ec0770-b98f-11f0-888e-f4b5205b5b70',NULL,'TEST_FLOW_20251104090716',NULL,'ff3630b1-b8ee-11f0-9393-f4b5205b5b70','6dff1406-b98e-11f0-888e-f4b5205b5b70',NULL,NULL,NULL,NULL,NULL,'pending',NULL,NULL,NULL,NULL,'120363422522399097@g.us','Viaje TEST_FLOW_20251104090716',NULL,'{\"tipo\": \"Cliente\", \"modalidad\": \"Renta\", \"priority\": \"medium\", \"origin\": \"Le\\u00f3n\", \"destination\": \"Jalisco\", \"tenant_id\": 24, \"planned_start\": \"2025-10-06T20:00:00-06:00\", \"planned_end\": \"2025-10-06T22:00:00-06:00\"}','2025-11-04 15:07:22','2025-11-04 15:07:24'),('fb1e3334-b90b-11f0-b55b-f4b5205b5b70',NULL,'GEO_ENTRY-20251103172235',NULL,'fb1d1505-b90b-11f0-b55b-f4b5205b5b70',NULL,NULL,NULL,NULL,NULL,NULL,'pending',NULL,NULL,NULL,NULL,'120363422469709885@g.us','Viaje GEO_ENTRY-20251103172235','Carga de prueba','{\"test\": true, \"created_by\": \"pytest\", \"origin\": \"Le\\u00f3n, Gto\", \"destination\": \"Guadalajara, Jal\", \"tenant_id\": 1, \"planned_start\": \"2025-01-15T10:00:00Z\", \"planned_end\": \"2025-01-15T18:00:00Z\"}','2025-11-03 23:22:35','2025-11-03 23:22:36'),('fc69872e-b90a-11f0-b55b-f4b5205b5b70',NULL,'GEO_ENTRY-20251103171528',NULL,'fc6853bc-b90a-11f0-b55b-f4b5205b5b70',NULL,NULL,NULL,NULL,NULL,NULL,'pending',NULL,NULL,NULL,NULL,'120363420994778656@g.us','Viaje GEO_ENTRY-20251103171528','Carga de prueba','{\"test\": true, \"created_by\": \"pytest\", \"origin\": \"Le\\u00f3n, Gto\", \"destination\": \"Guadalajara, Jal\", \"tenant_id\": 1, \"planned_start\": \"2025-01-15T10:00:00Z\", \"planned_end\": \"2025-01-15T18:00:00Z\"}','2025-11-03 23:15:28','2025-11-03 23:15:29');
/*!40000 ALTER TABLE `trips` ENABLE KEYS */;

--
-- Table structure for table `units`
--

DROP TABLE IF EXISTS `units`;
/*!40101 SET @saved_cs_client     = @@character_set_client */;
/*!50503 SET character_set_client = utf8mb4 */;
CREATE TABLE `units` (
  `id` varchar(36) NOT NULL DEFAULT uuid(),
  `floatify_unit_id` varchar(255) NOT NULL,
  `wialon_unit_id` varchar(255) DEFAULT NULL,
  `name` varchar(255) NOT NULL,
  `plates` varchar(20) DEFAULT NULL,
  `wialon_id` varchar(50) DEFAULT NULL,
  `plate` varchar(50) DEFAULT NULL,
  `metadata` longtext CHARACTER SET utf8mb4 COLLATE utf8mb4_bin DEFAULT NULL CHECK (json_valid(`metadata`)),
  `created_at` timestamp NOT NULL DEFAULT current_timestamp(),
  `updated_at` timestamp NOT NULL DEFAULT current_timestamp() ON UPDATE current_timestamp(),
  PRIMARY KEY (`id`),
  UNIQUE KEY `floatify_unit_id` (`floatify_unit_id`),
  UNIQUE KEY `idx_units_wialon_id` (`wialon_id`),
  KEY `idx_floatify_unit` (`floatify_unit_id`),
  KEY `idx_wialon_unit` (`wialon_unit_id`)
) ENGINE=InnoDB DEFAULT CHARSET=utf8mb4 COLLATE=utf8mb4_unicode_ci;
/*!40101 SET character_set_client = @saved_cs_client */;

--
-- Dumping data for table `units`
--

/*!40000 ALTER TABLE `units` DISABLE KEYS */;
INSERT INTO `units` VALUES ('0850d374-b90e-11f0-b55b-f4b5205b5b70','UNIT-INTERACTIVE-20251103173716','12345','TEST Unit 001',NULL,NULL,'TEST-123','{\"id\": 999, \"name\": \"TEST Unit 001\", \"plate\": \"TEST-123\", \"wialon_id\": \"12345\", \"imei\": \"123456789012345\"}','2025-11-03 23:37:16','2025-11-03 23:37:16'),('154deacb-b98f-11f0-888e-f4b5205b5b70','UNIT-TEST_FLOW_20251104090049','27538728','Torton 309 41BB3T',NULL,NULL,'41BB3T','{\"id\": 18, \"name\": \"Torton 309 41BB3T\", \"plate\": \"41BB3T\", \"wialon_id\": \"27538728\", \"imei\": \"863719067169228\"}','2025-11-04 15:01:03','2025-11-04 15:01:03'),('1c27e6ab-b90c-11f0-b55b-f4b5205b5b70','UNIT-GEO_ENTRY-20251103172331','12345','TEST Unit 001',NULL,NULL,'TEST-123','{\"id\": 999, \"name\": \"TEST Unit 001\", \"plate\": \"TEST-123\", \"wialon_id\": \"12345\", \"imei\": \"123456789012345\"}','2025-11-03 23:23:31','2025-11-03 23:23:31'),('1ce91aee-b90e-11f0-b55b-f4b5205b5b70','UNIT-INTERACTIVE-20251103173751','12345','TEST Unit 001',NULL,NULL,'TEST-123','{\"id\": 999, \"name\": \"TEST Unit 001\", \"plate\": \"TEST-123\", \"wialon_id\": \"12345\", \"imei\": \"123456789012345\"}','2025-11-03 23:37:51','2025-11-03 23:37:51'),('2d929c34-b90e-11f0-b55b-f4b5205b5b70','UNIT-INTERACTIVE-20251103173819','12345','TEST Unit 001',NULL,NULL,'TEST-123','{\"id\": 999, \"name\": \"TEST Unit 001\", \"plate\": \"TEST-123\", \"wialon_id\": \"12345\", \"imei\": \"123456789012345\"}','2025-11-03 23:38:19','2025-11-03 23:38:19'),('43af0452-b90c-11f0-b55b-f4b5205b5b70','UNIT-GEO_ENTRY-20251103172437','12345','TEST Unit 001',NULL,NULL,'TEST-123','{\"id\": 999, \"name\": \"TEST Unit 001\", \"plate\": \"TEST-123\", \"wialon_id\": \"12345\", \"imei\": \"123456789012345\"}','2025-11-03 23:24:37','2025-11-03 23:24:37'),('4b5cf53c-b90e-11f0-b55b-f4b5205b5b70','UNIT-INTERACTIVE-20251103173909','12345','TEST Unit 001',NULL,NULL,'TEST-123','{\"id\": 999, \"name\": \"TEST Unit 001\", \"plate\": \"TEST-123\", \"wialon_id\": \"12345\", \"imei\": \"123456789012345\"}','2025-11-03 23:39:09','2025-11-03 23:39:09'),('5e12825c-b90c-11f0-b55b-f4b5205b5b70','UNIT-GEO_ENTRY-20251103172521','12345','TEST Unit 001',NULL,NULL,'TEST-123','{\"id\": 999, \"name\": \"TEST Unit 001\", \"plate\": \"TEST-123\", \"wialon_id\": \"12345\", \"imei\": \"123456789012345\"}','2025-11-03 23:25:21','2025-11-03 23:25:21'),('62736a9b-b90b-11f0-b55b-f4b5205b5b70','UNIT-GEO_ENTRY-20251103171819','12345','TEST Unit 001',NULL,NULL,'TEST-123','{\"id\": 999, \"name\": \"TEST Unit 001\", \"plate\": \"TEST-123\", \"wialon_id\": \"12345\", \"imei\": \"123456789012345\"}','2025-11-03 23:18:19','2025-11-03 23:18:19'),('6416cfec-b90d-11f0-b55b-f4b5205b5b70','UNIT-GEO_ENTRY-20251103173241','12345','TEST Unit 001',NULL,NULL,'TEST-123','{\"id\": 999, \"name\": \"TEST Unit 001\", \"plate\": \"TEST-123\", \"wialon_id\": \"12345\", \"imei\": \"123456789012345\"}','2025-11-03 23:32:41','2025-11-03 23:32:41'),('6dfe083a-b98e-11f0-888e-f4b5205b5b70','UNIT-TEST_FLOW_20251104085328','27538728','Torton 309 41BB3T',NULL,NULL,'41BB3T','{\"id\": 18, \"name\": \"Torton 309 41BB3T\", \"plate\": \"41BB3T\", \"wialon_id\": \"27538728\", \"imei\": \"863719067169228\"}','2025-11-04 14:56:22','2025-11-04 14:56:22'),('7249c9e0-b90c-11f0-b55b-f4b5205b5b70','UNIT-GEO_ENTRY-20251103172555','12345','TEST Unit 001',NULL,NULL,'TEST-123','{\"id\": 999, \"name\": \"TEST Unit 001\", \"plate\": \"TEST-123\", \"wialon_id\": \"12345\", \"imei\": \"123456789012345\"}','2025-11-03 23:25:55','2025-11-03 23:25:55'),('76d81a79-b90b-11f0-b55b-f4b5205b5b70','UNIT-GEO_ENTRY-20251103171853','12345','TEST Unit 001',NULL,NULL,'TEST-123','{\"id\": 999, \"name\": \"TEST Unit 001\", \"plate\": \"TEST-123\", \"wialon_id\": \"12345\", \"imei\": \"123456789012345\"}','2025-11-03 23:18:53','2025-11-03 23:18:53'),('82446f99-b90a-11f0-b55b-f4b5205b5b70','UNIT-GEO_ENTRY-20251103171203','12345','TEST Unit 001',NULL,NULL,'TEST-123','{\"id\": 999, \"name\": \"TEST Unit 001\", \"plate\": \"TEST-123\", \"wialon_id\": \"12345\", \"imei\": \"123456789012345\"}','2025-11-03 23:12:03','2025-11-03 23:12:03'),('857b35ef-b90c-11f0-b55b-f4b5205b5b70','UNIT-GEO_ENTRY-20251103172627','12345','TEST Unit 001',NULL,NULL,'TEST-123','{\"id\": 999, \"name\": \"TEST Unit 001\", \"plate\": \"TEST-123\", \"wialon_id\": \"12345\", \"imei\": \"123456789012345\"}','2025-11-03 23:26:27','2025-11-03 23:26:27'),('878218d1-b907-11f0-9393-f4b5205b5b70','UNIT-GEO_ENTRY-20251103165041','12345','TEST Unit 001',NULL,NULL,'TEST-123','{\"id\": 999, \"name\": \"TEST Unit 001\", \"plate\": \"TEST-123\", \"wialon_id\": \"12345\", \"imei\": \"123456789012345\"}','2025-11-03 22:50:41','2025-11-03 22:50:41'),('9810383b-b90c-11f0-b55b-f4b5205b5b70','UNIT-GEO_ENTRY-20251103172659','12345','TEST Unit 001',NULL,NULL,'TEST-123','{\"id\": 999, \"name\": \"TEST Unit 001\", \"plate\": \"TEST-123\", \"wialon_id\": \"12345\", \"imei\": \"123456789012345\"}','2025-11-03 23:26:59','2025-11-03 23:26:59'),('9c6bac90-b90a-11f0-b55b-f4b5205b5b70','UNIT-GEO_ENTRY-20251103171247','12345','TEST Unit 001',NULL,NULL,'TEST-123','{\"id\": 999, \"name\": \"TEST Unit 001\", \"plate\": \"TEST-123\", \"wialon_id\": \"12345\", \"imei\": \"123456789012345\"}','2025-11-03 23:12:47','2025-11-03 23:12:47'),('ab8a2e8a-b90c-11f0-b55b-f4b5205b5b70','UNIT-GEO_ENTRY-20251103172731','12345','TEST Unit 001',NULL,NULL,'TEST-123','{\"id\": 999, \"name\": \"TEST Unit 001\", \"plate\": \"TEST-123\", \"wialon_id\": \"12345\", \"imei\": \"123456789012345\"}','2025-11-03 23:27:31','2025-11-03 23:27:31'),('ace23d63-b90b-11f0-b55b-f4b5205b5b70','UNIT-GEO_ENTRY-20251103172024','12345','TEST Unit 001',NULL,NULL,'TEST-123','{\"id\": 999, \"name\": \"TEST Unit 001\", \"plate\": \"TEST-123\", \"wialon_id\": \"12345\", \"imei\": \"123456789012345\"}','2025-11-03 23:20:24','2025-11-03 23:20:24'),('d5d7102e-b90b-11f0-b55b-f4b5205b5b70','UNIT-GEO_ENTRY-20251103172133','12345','TEST Unit 001',NULL,NULL,'TEST-123','{\"id\": 999, \"name\": \"TEST Unit 001\", \"plate\": \"TEST-123\", \"wialon_id\": \"12345\", \"imei\": \"123456789012345\"}','2025-11-03 23:21:33','2025-11-03 23:21:33'),('d984fe73-b90e-11f0-b55b-f4b5205b5b70','UNIT-E2E_FULL-20251103174307','12345','TEST Unit 001',NULL,NULL,'TEST-123','{\"id\": 999, \"name\": \"TEST Unit 001\", \"plate\": \"TEST-123\", \"wialon_id\": \"12345\", \"imei\": \"123456789012345\"}','2025-11-03 23:43:07','2025-11-03 23:43:07'),('fb1d1505-b90b-11f0-b55b-f4b5205b5b70','UNIT-GEO_ENTRY-20251103172235','12345','TEST Unit 001',NULL,NULL,'TEST-123','{\"id\": 999, \"name\": \"TEST Unit 001\", \"plate\": \"TEST-123\", \"wialon_id\": \"12345\", \"imei\": \"123456789012345\"}','2025-11-03 23:22:35','2025-11-03 23:22:35'),('fc6853bc-b90a-11f0-b55b-f4b5205b5b70','UNIT-GEO_ENTRY-20251103171528','12345','TEST Unit 001',NULL,NULL,'TEST-123','{\"id\": 999, \"name\": \"TEST Unit 001\", \"plate\": \"TEST-123\", \"wialon_id\": \"12345\", \"imei\": \"123456789012345\"}','2025-11-03 23:15:28','2025-11-03 23:15:28'),('ff3630b1-b8ee-11f0-9393-f4b5205b5b70','18','27538728','Torton 309 41BB3T',NULL,NULL,'41BB3T','{\"id\": 18, \"floatify_unit_id\": \"18\", \"name\": \"Torton 309 41BB3T\", \"plate\": \"41BB3T\", \"wialon_id\": \"27538728\", \"imei\": \"863719067169228\"}','2025-11-03 19:55:07','2025-11-04 19:05:53');
/*!40000 ALTER TABLE `units` ENABLE KEYS */;

--
-- Dumping routines for database 'logistics_db'
--
/*!40103 SET TIME_ZONE=@OLD_TIME_ZONE */;

/*!40101 SET SQL_MODE=@OLD_SQL_MODE */;
/*!40014 SET FOREIGN_KEY_CHECKS=@OLD_FOREIGN_KEY_CHECKS */;
/*!40014 SET UNIQUE_CHECKS=@OLD_UNIQUE_CHECKS */;
/*!40101 SET CHARACTER_SET_CLIENT=@OLD_CHARACTER_SET_CLIENT */;
/*!40101 SET CHARACTER_SET_RESULTS=@OLD_CHARACTER_SET_RESULTS */;
/*!40101 SET COLLATION_CONNECTION=@OLD_COLLATION_CONNECTION */;
/*!40111 SET SQL_NOTES=@OLD_SQL_NOTES */;

-- Dump completed on 2025-11-04 13:15:45
